Country.Name,Continent,X1960,X1970,X1980,X1990,X2000,X2010,X2015,X2019,X2022.Population,X2020.Population,X2015.Population,X2010.Population,X2000.Population,X1990.Population,X1980.Population,X1970.Population,Area_KM,Density_Per_KM,Growth.Rate,World.Population.Percentage,X1961_R,X1970_R,X1980_R,X1990_R,X2000_R,X2010_R,X2015_R,X2020_R
Aruba,North America,NA,NA,NA,764887117.2,1873452514,2390502793,2919553073,NA,106445,106585,104257,100341,89101,65712,62267,59106,180,591.3611,0.9991,0,NA,NA,NA,3.961401727,7.616588194,-3.685029387,5.700000876,NA
Afghanistan,Asia,537777811.1,1748886596,3641723322,NA,NA,15856574731,19907111419,19291104008,41128771,38972230,33753499,28189672,19542982,10694796,12486631,10752971,652230,63.0587,1.0257,0.52,NA,NA,NA,NA,NA,14.36244147,1.45131466,-1.934778249
Angola,Africa,NA,NA,5930503401,11228764963,9129594819,83799496611,1.16194E+11,88815697793,35588987,33428485,28127721,23364185,16394062,11828638,8330047,6029700,1246700,28.5466,1.0315,0.45,NA,NA,NA,-3.450098684,3.054624234,4.403932543,0.943571561,-4.04051
Albania,Europe,NA,NA,NA,2028553750,3480355189,11926928506,11386846319,15279183290,2842321,2866849,2882481,2913399,3182021,3295066,2941651,2324731,28748,98.8702,0.9957,0.04,NA,NA,NA,-9.575640169,6.950036134,3.706892301,2.218752232,-3.311239444
Andorra,Europe,NA,78619206.09,446416105.8,1029048482,1429049198,3449966857,2789870188,3154057987,79824,77700,71746,71519,66097,53569,35611,19860,468,170.5641,1.01,0,NA,NA,2.208727607,3.78138759,3.528362361,-1.974958,1.434140395,-11.95605842
United Arab Emirates,Asia,NA,NA,43598748449,50701443748,1.04337E+11,2.89787E+11,3.58135E+11,4.21142E+11,9441129,9287289,8916899,8481771,3275333,1900151,1014048,298084,83600,112.9322,1.0081,0.12,NA,NA,23.87477491,18.32798553,10.85270421,1.602809961,5.105936984,NA
Argentina,South America,NA,31584210366,76961923742,1.41352E+11,2.84204E+11,4.23627E+11,5.94749E+11,4.45445E+11,45510318,45036032,43257065,41100123,37070774,32637657,28024803,23842803,2780400,16.3683,1.0052,0.57,5.42784288,3.045643319,1.518783949,-2.467213776,-0.788998939,10.12539816,2.731159828,-9.905234856
Armenia,Asia,NA,NA,NA,2256838858,1911563665,9260284938,10553337673,13672802158,2780469,2805608,2878595,2946293,3168523,3556539,3135123,2534377,29743,93.4831,0.9962,0.03,NA,NA,NA,NA,5.900000003,2.2,3.199999999,-7.6
American Samoa,Oceania,NA,NA,NA,NA,NA,5.76E+08,6.61E+08,NA,44273,46189,51368,54849,58230,47818,32886,27075,199,222.4774,0.9831,0,NA,NA,NA,NA,NA,0.299850075,3.149606299,NA
Antigua and Barbuda,North America,NA,NA,131431026.7,459470370.4,826370370.4,1148700000,1336692593,1661962963,93763,92664,89941,85695,75055,63328,64888,64516,442,212.1335,1.0058,0,NA,NA,8.161430797,3.011714686,6.203431254,-7.840594744,3.825293099,-15.97350964
Australia,Oceania,18577668272,41271138985,1.49776E+11,3.10781E+11,4.15223E+11,1.14614E+12,1.35169E+12,1.39657E+12,26177413,25670051,23820236,22019168,19017963,17048003,14706322,12595034,7692024,3.4032,1.0099,0.33,2.485769492,7.172186576,3.034245871,3.570998147,3.933136945,2.067417128,2.192647426,-0.284839298
Austria,Europe,6592693841,15373005557,82058912997,1.66463E+11,1.968E+11,3.91893E+11,3.81818E+11,4.45075E+11,8939617,8907777,8642421,8362829,8010428,7678729,7547561,7465301,83871,106.5877,1.002,0.11,5.537979317,6.321142632,1.731485595,4.345641399,3.375722147,1.837093677,1.014501586,-6.259034819
Azerbaijan,Asia,NA,NA,NA,8858006036,5272617196,52902703376,53074370486,48047647059,10358074,10284951,9863480,9237202,8190337,7427836,6383060,5425317,86600,119.6082,1.0044,0.13,NA,NA,NA,NA,11.0999995,4.789242792,1.049546368,-4.309989133
Burundi,Africa,195999990,242732571.4,919726666.7,1132101253,870486065.9,2032135247,3104394858,3012334882,12889576,12220227,10727148,9126605,6307659,5483793,4312834,3497834,27834,463.0874,1.027,0.16,-13.74613505,21.32567073,0.991055725,3.49982214,-0.856864058,5.124163303,-3.900003086,0.297577119
Belgium,Europe,11658722591,26706196047,1.26829E+11,2.05332E+11,2.36205E+11,4.80952E+11,4.6215E+11,5.33097E+11,11655930,11561717,11248303,10877947,10264343,9959560,9828986,9629376,30528,381.8111,1.0038,0.15,4.978423063,5.582858284,4.444053876,3.137402316,3.716679384,2.864292708,2.041459009,-6.283929951
Benin,Africa,226195579.4,333627758.2,1405251547,1959965244,3511248900,9535344283,11388160958,14390709095,13352864,12643123,10932783,9445710,6998023,5133419,3833939,3023443,112622,118.5635,1.0274,0.17,3.141280459,2.097757578,6.781763872,8.976134361,5.857714205,2.114064726,1.77815106,3.8487924
Burkina Faso,Africa,330442817.2,458404330.1,1928720390,3101301781,2956746304,10109618964,11832159276,15990803570,22673762,21522626,18718019,16116845,11882888,9131361,6932967,5611666,272967,83.0641,1.0259,0.28,4.043927977,0.117019611,0.796878872,-0.60292848,1.888473889,8.446281577,3.921228794,2.022384695
Bangladesh,Asia,4274893913,8992721809,18138049096,31598341234,53369787319,1.15279E+11,1.95079E+11,3.02571E+11,171186372,167420951,157830000,148391139,129193327,107147651,83929765,67541860,147570,1160.035,1.0108,2.15,6.058160825,5.619852293,0.819141869,5.622258162,5.293294718,5.571788188,6.552639879,2.375521656
Bulgaria,Europe,NA,NA,19839230769,20632090909,13245833844,50381825504,50647442757,68558815112,6781953,6979175,7309253,7592273,8097691,8767778,8980606,8582950,110879,61.1654,0.9849,0.09,NA,NA,NA,-9.117377097,4.782043523,0.55944649,3.989851714,-4.15370283
Bahrain,Asia,NA,NA,3072698328,4229787234,9062898936,25713271277,31050638298,38574069149,1472233,1477469,1362142,1213645,711442,517418,362595,222555,765,1924.4876,1.0061,0.02,NA,NA,NA,4.437997176,5.300070056,4.334299173,2.485378558,-5.814683428
"Bahamas, The",North America,169803921.6,538423153.7,1335300000,3.17E+09,8076470000,10095760000,11710800000,13578800000,409984,406471,392697,373272,325014,270679,223752,179129,13943,29.4043,1.0051,0.01,10.66709743,-5.649649519,6.495281921,-1.596249086,4.149234046,1.538385972,0.230478124,-16.27773826
Bosnia and Herzegovina,Europe,NA,NA,NA,NA,5505887894,17176781337,16211541820,20164193807,3233526,3318407,3524324,3811088,4179350,4494310,4199820,3815561,51209,63.1437,0.9886,0.04,NA,NA,NA,NA,5.500000276,0.86566926,3.089164152,-4.327345806
Belarus,Europe,NA,NA,NA,2.17E+10,12736856828,57222490769,56454734397,63080457023,9534954,9633740,9700609,9731427,10256483,10428525,9817257,9170786,207600,45.9295,0.9955,0.12,NA,NA,NA,NA,5.80000344,7.798266823,-3.829570558,-0.9
Belize,North America,28071888.56,53233532.93,197938222.4,412086445.5,832050000,1377200000,1723800000,1879613600,405272,394921,359871,322106,240406,182589,145133,120905,22966,17.6466,1.0131,0.01,4.892277219,4.807693364,13.43668176,11.44338873,13.01958111,3.003529489,2.63368999,-14.03842116
Bermuda,North America,84466654.08,186300000,613299968,1592400000,3480219000,6634526000,6654541000,7484113000,64184,64031,63144,63447,61371,57470,53565,52019,54,1188.5926,1,0,4.68,6.312292359,7.943925234,0.019212296,9.317156411,-2.502878289,0.7755297,NA
Bolivia,South America,373879363.6,1017003367,4526916803,4867582620,8397912509,19649631314,33000198248,40895322844,12224110,11936162,11090085,10223270,8592656,7096194,5736088,4585693,1098581,11.1272,1.012,0.15,2.089295936,5.231029301,-1.371775125,4.63578591,2.507807553,4.126721926,4.85718718,-7.82328995
Brazil,South America,15165569913,42327600098,2.35025E+11,4.61952E+11,6.55421E+11,2.20887E+12,1.80221E+12,1.83976E+12,215313498,213196304,205188205,196353492,175873720,150706446,122288383,96369875,8515767,25.2841,1.0046,2.7,10.27591155,8.769947472,9.110960155,-3.102355949,4.387949443,7.52822583,-3.545763393,-4.059048273
Barbados,North America,NA,NA,1012280615,2012131457,3059500000,4.53E+09,4.72E+09,5.21E+09,281635,280693,278083,274711,264657,258868,253575,241397,430,654.9651,1.0015,0,NA,NA,4.373064814,-3.307593308,4.447189623,-2.28645384,2.448701961,-17.6053641
Brunei Darussalam,Asia,NA,179080099.3,4928824958,3520551724,6001153306,13707370737,12930394938,13469422959,449002,441725,421437,396053,333926,261928,187921,133343,5765,77.8841,1.0081,0.01,NA,NA,-6.996702984,1.089420535,2.849421858,2.598965746,-0.39238375,1.203001939
Bhutan,Asia,NA,NA,135653295.2,299787275.8,424464089.9,1547991318,2003598213,2530547158,782455,772506,743274,705516,587207,558442,415257,298894,38394,20.3796,1.0064,0.01,NA,NA,NA,10.38311791,3.355068285,11.945896,6.642232105,-6.772101611
Botswana,Africa,30412308.99,96245114.46,1060923829,3790567052,5788329609,12786654498,14420593484,18340480936,2630296,2546402,2305171,2091664,1726985,1341474,938578,592244,582000,4.5194,1.0162,0.03,6.343283719,17.12026767,11.98690138,6.772821949,1.987695854,8.563630792,-1.697935427,-7.893053589
Central African Republic,Africa,112155598.9,189106554.5,797048028.8,1440711396,914500299.1,2142591376,1695825708,2220307369,5579144,5343020,4819333,4660067,3759170,2809221,2415276,2067356,622984,8.9555,1.0224,0.07,4.953553798,2.332880877,-4.478638848,-2.147528066,-2.48943244,4.630818432,4.33712103,0
Canada,North America,40461721693,87896095320,2.73854E+11,5.9393E+11,7.42295E+11,1.61346E+12,1.55613E+12,1.73643E+12,38454327,37888705,35732126,33963412,30683313,27657204,24511510,21434577,9984670,3.8513,1.0078,0.48,3.163291684,NA,NA,NA,4.917762744,3.08949462,0.659176864,-5.312944743
Switzerland,Europe,9522746719,24274075006,1.19008E+11,2.58067E+11,2.72055E+11,5.83783E+11,6.79832E+11,7.03082E+11,8740472,8638613,8281732,7822435,7182059,6711693,6319113,6181227,41284,211.7157,1.0056,0.11,NA,NA,NA,3.674625697,3.976409234,3.268101656,1.657768711,-2.392826042
Chile,South America,4.11E+09,9126309735,29036709872,33113887818,77860932152,2.18538E+11,2.43919E+11,2.82318E+11,19603733,19300315,17870124,17004162,15351799,13342868,11469828,9820481,756102,25.9274,1.0057,0.25,5.245271886,1.828966971,7.986620757,3.333565473,5.326938419,5.844177296,2.303767036,-5.771501669
China,Asia,59716467625,92602973434,1.91149E+11,3.60858E+11,1.21135E+12,6.08716E+12,1.10616E+13,1.42799E+13,1425887337,1424929781,1393715448,1348191368,1264099069,1153704252,982372466,822534450,9706961,146.8933,1,17.88,-27.27,19.3,7.834145016,3.920251368,8.490093406,10.63587106,7.041328879,2.3
Cote d'Ivoire,Africa,546203561.6,1455482990,10175615442,10795850107,10717022463,24908781285,45814637971,58539424930,28160542,26811790,23596741,21120042,16799670,11910540,8303809,5477086,322463,87.3295,1.0248,0.35,9.932555156,10.37503184,-10.95769727,-1.095908411,-2.068400057,2.017638592,8.84285995,1.816441461
Cameroon,Africa,618740988,1160002261,6740756569,11151578051,10083937740,26169323293,30928653814,39007354359,27914536,26491087,23012646,19878036,15091594,11430520,8519891,6452787,475442,58.7128,1.0263,0.35,1.183680812,3.092068236,-1.965291669,-6.105697646,3.553374364,3.422507641,5.651463744,0.730339198
"Congo, Dem. Rep.",Africa,3359404118,4877684910,14394927495,9349764580,19088046306,21565720044,37917704900,50400746171,99010212,92853164,78656904,66391257,48616317,35987541,26708686,20151733,2344858,42.2244,1.0325,1.24,-10.85137608,-0.245056575,2.194912924,-6.568310695,-6.910927317,7.107976576,6.91618781,0.773457032
"Congo, Rep.",Africa,131731862.6,274960699.9,1705796850,2798746051,3219910550,13148395202,11953249530,12267392147,5970424,5702174,5064386,4437884,3134030,2385435,1829256,1396989,342000,17.4574,1.0231,0.07,8.350726724,6.358470188,17.63660548,1.000003567,7.575980395,9.931265431,-3.550581765,-7.948712902
Colombia,South America,4031152977,7198360460,33400735644,47844090710,99886577331,2.86563E+11,2.93482E+11,3.23616E+11,51874024,50930662,47119728,44816108,39215135,32601393,26176195,20905254,1141748,45.4339,1.0069,0.65,5.089216984,6.207796963,4.087353673,4.281998332,2.924861483,4.494658971,2.955901375,-6.847314206
Comoros,Africa,NA,NA,212218226.4,429622147.7,350264287.7,907978723.5,966029542,1165839927,836774,806166,730216,656024,536758,431119,328328,242351,1862,449.3953,1.0184,0.01,NA,NA,NA,5.091236413,10.84787862,3.799933455,1.116140583,4.910777475
Cabo Verde,Africa,NA,NA,142246875.5,306891107.3,539227277.6,1664310770,1596800287,1981845740,593149,582640,552166,521212,458251,364563,317234,287262,4033,147.0739,1.0089,0.01,NA,NA,NA,0.692171874,14.28486883,1.466790097,1.006863707,-14.78340501
Costa Rica,North America,507513830,984830158.5,4831447001,5711687787,14949514493,37268614024,54775994479,61801385049,5180829,5123105,4895242,4622252,3979193,3158253,2414303,1855697,51100,101.3861,1.0052,0.06,1.879276559,7.503134343,0.751895403,3.553063365,3.868718088,5.360343526,3.652080968,-4.539965917
Cuba,North America,NA,5693005200,19912889861,28645436569,30565400000,6.43E+10,8.71E+10,NA,11212191,11300698,11339894,11290417,11105791,10626680,9809107,8869636,109884,102.0366,0.9961,0.14,NA,NA,-4.849442952,-2.948564945,5.914760174,2.390352297,4.438141959,NA
Curacao,North America,NA,NA,NA,NA,NA,NA,3151910782,3101787709,191163,189288,169572,159380,141424,155446,156851,150385,444,430.5473,1.0043,0,NA,NA,NA,NA,NA,0.08230596,0.278694931,NA
Cayman Islands,North America,NA,NA,NA,NA,NA,4156990816,4708336756,NA,68706,67311,60911,54074,39658,26027,17100,10533,264,260.25,1.0084,0,NA,NA,NA,NA,NA,-2.715635262,2.833122226,NA
Cyprus,Europe,NA,NA,2154311277,5591130218,9985844486,25732432719,19842404305,24948935408,1251488,1237537,1187280,1129686,948237,788500,679327,640804,9251,135.2814,1.0059,0.02,NA,NA,5.753244701,7.403999506,5.965310315,2.014695707,3.21856901,-5.103479519
Czech Republic,Europe,NA,NA,NA,40728950705,61828166496,2.0907E+11,1.88033E+11,2.50681E+11,10493986,10530953,10523798,10464749,10234710,10301192,10270060,9795744,78865,133.0627,0.9984,0.13,NA,NA,NA,NA,4.001028635,2.434902159,5.388380838,-5.793571284
Germany,Europe,NA,2.15838E+11,9.50291E+11,1.77167E+12,1.94315E+12,3.39635E+12,3.35624E+12,3.86112E+12,83369843,83328988,82073226,81325090,81551677,79370196,77786703,78294583,357114,233.4544,0.9995,1.05,NA,NA,1.408828636,5.255006083,2.912502964,4.179882499,1.491931528,-4.569616717
Djibouti,Africa,NA,NA,NA,452328087.3,551230861.9,1128611700,2430287967,3324634256,1120849,1090156,1006259,919199,742033,577173,324121,144379,23200,48.3125,1.0138,0.01,NA,NA,NA,NA,NA,NA,7.696085576,0.5
Dominica,North America,NA,NA,72804653.33,201428730,333468888.9,493825925.9,540737037,582403703.7,72737,71995,70007,68755,68346,69481,72978,68895,751,96.8535,1.0045,0,NA,NA,13.38318227,5.417983567,2.340219321,0.6726344,-2.691108924,-16.70916029
Denmark,Europe,NA,17075457600,71127528700,1.38247E+11,1.64159E+11,3.21995E+11,3.02673E+11,3.50104E+11,5882261,5825641,5677796,5550849,5340655,5144623,5125392,4922963,43094,136.4984,1.0048,0.07,6.378832476,1.596841805,-0.482986337,1.475244277,3.746862595,1.870991147,2.342591108,-2.062124959
Dominican Republic,North America,672399700,1485500000,6761300000,7073675545,24305116729,53860175557,71164825258,88941299734,11228821,10999664,10405832,9775755,8540791,7129004,5755800,4475871,48671,230.7087,1.01,0.14,-2.31324875,18.22668288,7.968738509,-5.454312395,4.66176228,8.33965106,6.927018772,-6.720239373
Algeria,Africa,NA,4863487493,42345277342,62045099643,54790233856,1.61155E+11,1.66361E+11,1.71091E+11,44903225,43451666,39543154,35856344,30774621,25518074,18739378,13795915,2381741,18.8531,1.0164,0.56,-13.60544133,8.862657109,0.790606973,0.80000058,3.8,3.6,3.7,-5.480991935
Ecuador,South America,2069465326,2862504170,17881514683,15239278100,18327764882,69555367000,99290381000,1.07436E+11,18001000,17588595,16195902,14989585,12626507,10449837,8135845,6172215,276841,65.0229,1.0114,0.23,5.124414881,6.87192933,3.708682969,3.679914053,1.091801564,3.525298669,0.098872608,-7.750123377
"Egypt, Arab Rep.",Africa,NA,8042200452,21669908177,42978914311,99838543960,2.18984E+11,3.29367E+11,3.03092E+11,110990103,107465134,97723799,87252413,71371371,57214630,43748556,34781986,1002450,110.7188,1.0158,1.39,5.161114145,5.59851504,10.01132904,5.667029151,6.370003834,5.147234859,4.372019078,3.569669475
Eritrea,Africa,NA,NA,NA,NA,706370815.6,1589515447,NA,NA,3684032,3555868,3340006,3147727,2392880,2149960,1657982,1272748,117600,31.3268,1.0176,0.05,NA,NA,NA,NA,-3.141985903,2.194190349,NA,NA
Spain,Europe,12072126075,40992995008,2.32767E+11,5.36559E+11,5.96878E+11,1.42072E+12,1.19512E+12,1.39349E+12,47558630,47363807,46431342,46572772,40741651,38889889,37491666,33792617,505992,93.9909,1.0015,0.6,11.83867419,4.290639268,2.208728277,3.781393378,5.24599468,0.163010231,3.83517266,-10.82288649
Estonia,Europe,NA,NA,NA,NA,5694069842,19693608289,23048864243,31471100656,1326062,1329444,1314657,1331535,1396877,1570674,1476983,1361999,45227,29.3201,0.998,0.02,NA,NA,NA,NA,10.08763283,2.444265118,1.853020046,-2.951069313
Ethiopia,Africa,NA,NA,NA,12175166763,8242392104,29933790334,64589334979,95912590628,123379924,117190911,102471895,89237791,67031867,47878073,34945469,28308246,1104300,111.7268,1.0257,1.55,NA,NA,NA,2.726451783,6.07321748,12.55053835,10.39246302,6.056617792
Finland,Europe,5224102196,11357516988,53645202423,1.41438E+11,1.25707E+11,2.49181E+11,2.3444E+11,2.69296E+11,5540745,5529468,5479461,5363271,5176209,4986545,4779418,4606621,338424,16.3722,1.0009,0.07,7.604670479,4.813736796,5.38904788,0.670275844,5.773362458,3.185958654,0.543659212,-2.870690593
Fiji,Oceania,112328422.1,219878482.2,1202567359,1337024782,1684109743,3140508836,4682546881,5496250694,929766,920422,917200,905169,832509,780430,644582,527634,18272,50.8847,1.0056,0.01,3.517582004,12.70271113,-1.603456934,5.800002719,-1.699998416,2.954672422,4.502018108,-19.04875649
France,Europe,62225478001,1.48456E+11,7.01288E+11,1.26918E+12,1.36225E+12,2.64261E+12,2.43821E+12,2.71552E+12,64626628,64480053,63809769,62444567,58665453,56412897,53713830,50523586,551695,117.1419,1.0015,0.81,4.980111849,6.108679813,1.57874526,2.923935081,3.923669227,1.949437623,1.112912341,-7.855256037
Faroe Islands,Europe,NA,NA,NA,NA,1058702725,2320424601,2518096286,NA,53090,52415,48816,48410,45660,47479,43054,38416,1393,38.112,1.0038,0,NA,NA,NA,NA,NA,NA,NA,NA
"Micronesia, Fed. Sts.",Oceania,NA,NA,NA,147200000,233271800,296944100,316489900,NA,114164,112106,109462,107588,111709,98603,76299,58989,702,162.6268,1.0091,0,NA,NA,NA,3.740926857,4.833903786,2.259389956,4.621884004,NA
Gabon,Africa,141468977.6,323802475.5,4279637934,5952293766,5067865321,14372591916,14383107714,16874450215,2388992,2292573,2028517,1711105,1272935,983028,749078,597192,267668,8.9252,1.0204,0.03,14.76684319,8.679342176,2.552937158,5.192237277,-1.882966398,7.089887315,3.878899395,-1.323936553
United Kingdom,Europe,73233967692,1.30672E+11,5.64948E+11,1.09317E+12,1.65782E+12,2.47524E+12,2.92859E+12,2.82911E+12,67508936,67059474,65224364,62760039,58850043,57210442,56326328,55650166,242900,277.9289,1.0034,0.85,2.677118943,3.38084999,-2.031367786,0.733755503,3.506217426,2.074050953,2.363069511,-9.790240362
Georgia,Asia,NA,NA,NA,7753501868,3057475289,12243505583,14953950557,17477255546,3744385,3765912,3771132,3836831,4265172,5391636,5145843,4800426,69700,53.7214,0.9964,0.05,NA,12.05211625,4.576266275,-14.7882259,1.838341066,6.249487768,3.02220738,-6.159672928
Ghana,Africa,1217230038,2215029450,4445228216,5889174825,4983024408,32197272797,48564863888,66983634224,33475870,32180401,28870939,25574719,19665502,15446982,11865246,8861895,238533,140.3406,1.0196,0.42,3.429674012,9.723472587,0.471695943,3.328817883,3.70000004,7.899711889,2.12075931,0.414443468
Gibraltar,Europe,NA,NA,NA,NA,NA,NA,NA,NA,32649,32709,32520,31262,27741,27317,28734,26685,6,5441.5,0.9994,0,NA,NA,NA,NA,NA,NA,NA,NA
Guinea,Africa,NA,NA,NA,2666616177,2995360969,6853467858,8794202444,12296665331,13859341,13205153,11625998,10270728,8336967,6354145,4972609,4222374,245857,56.3716,1.0242,0.17,NA,NA,NA,4.324062754,2.503060562,4.813362867,3.825921667,6.988559971
"Gambia, The",Africa,NA,52296836.75,241080708.9,317083373.5,782915402.4,1543292393,1378176868,1826073740,2705992,2573995,2253133,1937275,1437539,1040616,718586,528731,10689,253.1567,1.025,0.03,NA,6.153846574,6.270079608,3.558879369,5.500000216,5.90833581,4.058073804,0
Guinea-Bissau,Africa,NA,78733594.84,110653830.7,243961995.5,370173838.7,849878424.2,1048229629,1339449165,2105566,2015828,1788919,1567220,1230849,973551,831462,591663,36125,58.2856,1.0218,0.03,NA,NA,-15.9526515,6.099999986,5.426987367,4.6109709,6.134082941,-2.399999999
Equatorial Guinea,Africa,NA,66331428.57,50642880.77,112119406.5,1045998496,16314442183,13185496836,11026774945,1674908,1596049,1346973,1094524,684977,465549,282509,316955,28051,59.7094,1.0247,0.02,NA,NA,NA,-1.758564084,18.21377996,-8.924175889,-9.110041149,-4.893356474
Greece,Europe,4335186017,13139863636,56829664269,97891092003,1.30134E+11,2.99362E+11,1.96591E+11,2.09853E+11,10384971,10512232,10806641,11033783,11038109,10302255,9307148,8544873,131990,78.68,0.9942,0.13,13.20384119,8.648471425,0.677130794,0,3.919770794,-5.479036989,-0.411901538,-8.247736115
Grenada,North America,NA,NA,110900457,278098763,520044370.4,771013259.3,997007925.9,1210603704,125438,123663,118980,114039,107432,99047,94838,98794,344,364.6453,1.0066,0,NA,NA,-0.534784049,4.012611902,4.887952137,-0.511262754,6.443143733,-11.23075823
Greenland,North America,NA,69520026.67,476055288.4,1018970365,1068030830,2503156061,2499115623,NA,56466,56026,55895,56351,56184,55599,50106,45434,2166086,0.0261,1.004,0,NA,NA,8.676006268,-11.71953298,7.101596882,1.735825059,-2.529318024,NA
Guatemala,North America,1043599900,1.90E+09,7878700000,7650125217,19288827159,41338008613,62186186576,76710355347,17843908,17362718,16001107,14543121,11735894,9084780,6987767,5453208,108889,163.8725,1.0134,0.22,4.298518348,5.707883599,3.759978164,3.10256318,3.608868735,2.884175428,4.092170816,-1.519328029
Guam,Oceania,NA,NA,NA,NA,NA,4.90E+09,5.71E+09,NA,171774,169231,167978,164905,160188,138263,110286,88300,549,312.8852,1.0073,0,NA,NA,NA,NA,NA,2.263251936,0.825688073,NA
Guyana,South America,170215248.2,267800000,603200000,396582263.3,712667896.7,3432913353,4279840362,5173759528,808726,797202,755031,747932,759051,747116,778176,705261,214969,3.7621,1.0052,0.01,4.689524309,4.255456893,1.733889727,-3.067484663,-1.363803903,3.779631771,0.687398061,43.47951463
"Hong Kong SAR, China",Asia,1320796652,3800766536,28861759209,76928290842,1.71668E+11,2.28638E+11,3.09384E+11,3.65712E+11,7488865,7500958,7399838,7132438,6731195,5838574,4978544,3955072,1104,6783.3922,0.9992,0.09,NA,9.206769307,10.10811433,3.830529937,7.663462103,6.767668588,2.387802316,-6.081467784
Honduras,North America,335650000,7.23E+08,3968160046,4923009552,7103507989,15839344592,20979767785,25095395475,10432860,10121763,9294505,8450933,6656725,5053234,3777990,2782753,112492,92.7431,1.015,0.13,1.855659321,3.62672094,0.599354052,2.791748949,7.291288159,3.731140344,3.840079971,-8.964760184
Croatia,Europe,NA,NA,NA,NA,21633671681,59918313669,49525747504,60752588976,4030358,4096868,4254815,4368682,4548434,4873707,4680144,4492638,56594,71.2153,0.9927,0.05,NA,NA,NA,NA,2.861746843,-1.31656298,2.431888573,-8.367378217
Haiti,North America,273187200,331200000,1383800000,3096289800,6868666120,11661585823,14857386164,14332163266,11584996,11306801,10563757,9842880,8360225,6925331,5646676,4680812,27750,417.4773,1.012,0.15,-2.93198029,0.651153708,7.37468792,1.038122801,0.870059253,-3.805275685,1.616915115,-3.373750496
Hungary,Europe,NA,NA,NA,NA,47218405892,1.31917E+11,1.25074E+11,1.63469E+11,9967308,9750573,9844246,9986825,10202055,10375989,10698679,10315366,93028,107.1431,1.0265,0.12,NA,NA,NA,NA,4.479191193,1.12217825,3.819428379,-4.956748517
Indonesia,Asia,NA,9150684932,72482337370,1.06141E+11,1.65021E+11,7.55094E+11,8.60854E+11,1.11919E+12,275501339,271857970,259091970,244016173,214072421,182159874,148177096,115228394,1904569,144.6529,1.0064,3.45,5.740645823,7.554634514,9.880077522,7.242131639,4.920067747,6.223854181,4.8763223,-2.069543499
Isle of Man,Europe,NA,NA,NA,NA,1563667800,5920177689,7085288006,NA,84519,84046,83593,83828,75562,68865,64022,55298,572,147.7605,1.003,0,NA,NA,NA,4.186976816,5.300001526,3.399998424,-0.385798408,NA
India,Asia,37029883875,62422483055,1.86325E+11,3.20979E+11,4.68395E+11,1.67562E+12,2.10359E+12,2.86893E+12,1417173173,1396387127,1322866505,1240613620,1059633675,870452165,696828385,557501301,3287590,431.0675,1.0068,17.77,3.722742533,5.157229736,6.735821528,5.533454563,3.840991157,8.497584702,7.996253786,-7.964610411
Ireland,Europe,1939329775,4401258741,21773901926,49364680214,99852958356,2.22149E+11,2.915E+11,3.88699E+11,5023109,4946119,4665760,4524585,3768950,3485374,3391387,2937637,70273,71.4799,1.0073,0.06,NA,NA,3.079328587,8.466528286,9.399418006,1.755080743,25.17624519,5.866975509
"Iran, Islamic Rep.",Asia,4199134390,10976245154,94362275580,1.24813E+11,1.09592E+11,4.86808E+11,3.84951E+11,NA,88550570,87290193,81790841,75373855,65544383,55793629,38520664,28449705,1648195,53.7258,1.0071,1.11,11.44500961,11.1267679,-27.32955745,13.83815676,5.808898853,5.797938302,-1.32064512,1.66179376
Iraq,Asia,1684121535,3281713806,53405689130,1.79886E+11,NA,1.38462E+11,1.77499E+11,2.34094E+11,44496122,42556984,37757813,31264875,24628858,17658381,13653369,9811347,438317,101.5158,1.0221,0.56,NA,4.544357064,24.75372685,57.81782835,16.92166569,6.402564845,4.722864019,-10.36509018
Iceland,Europe,248434097,527496590.9,3386502001,6478459744,9003639603,13683689693,17389101639,24188038474,372899,366669,331060,318333,281462,255019,228263,204468,103000,3.6204,1.0069,0,-0.084661946,NA,NA,NA,4.98504277,-2.832774915,4.436663719,-6.50391225
Israel,Asia,2598500000,7073333333,24248823529,59217144629,1.32343E+11,2.33996E+11,2.99813E+11,3.94652E+11,9038309,8757489,8007778,7328445,6116958,4803254,3744608,2907307,20770,435.1617,1.0155,0.11,11.20388562,NA,NA,NA,7.546501633,5.58024614,2.218113151,-2.440010792
Italy,Europe,40385288344,1.13395E+11,4.77257E+11,1.18122E+12,1.14383E+12,2.13402E+12,1.8359E+12,2.00358E+12,59037474,59500579,60232906,59822450,56966397,56756561,56329482,53324036,301336,195.9191,0.9966,0.74,8.207245914,5.268692979,3.430016414,1.985774943,3.786955143,1.713295839,0.778304351,-8.871146348
Jamaica,North America,699050679,1404776071,2679409453,4592224067,8985352832,13220556883,14187696311,16458071068,2827377,2820436,2794445,2733896,2612205,2392030,2135546,1859091,10991,257.2447,0.9999,0.04,NA,12.06440904,-5.714159246,4.200535115,0.878703548,-1.457147209,0.921487125,-10.2
Jordan,Asia,NA,639596751.6,3910036925,4160003917,8460424401,27133804244,38587017944,44502895862,11285869,10928721,9494246,6931258,5056174,3480587,2216903,1557374,89342,126.3221,1.0123,0.14,NA,NA,11.18484646,-0.275903906,4.245712344,2.314834221,2.496528793,-1.551384325
Japan,Asia,44307342950,2.12609E+11,1.10539E+12,3.13282E+12,4.88752E+12,5.7001E+12,4.38948E+12,5.08177E+12,123951692,125244761,127250933,128105431,126803861,123686321,117624196,105416839,377930,327.9753,0.9947,1.55,12.04353641,2.512953307,2.817591208,4.892713066,2.764647551,4.097917919,1.560626697,-5.809905571
Kazakhstan,Asia,NA,NA,NA,26932728899,18291990619,1.48047E+11,1.84388E+11,1.81666E+11,19397998,18979243,17835909,16627837,15236253,16866563,14172710,12265305,2724900,7.1188,1.0105,0.24,NA,NA,NA,NA,9.800000002,7.3,1.2,-2.6
Kenya,Africa,791265458.8,1603447357,7265315332,8572359163,12705357103,40000088347,64007750169,95503088538,54027487,51985780,46851488,41517895,30851606,23162269,16187124,11473087,580367,93.0919,1.0193,0.68,-7.774634904,-4.655446914,5.591976207,4.192050974,0.599695392,8.405699224,5.718507131,-0.30749749
Kyrgyz Republic,Asia,NA,NA,NA,2.68E+09,1369688498,4794357795,6678178340,8454619608,6630623,6424874,5914980,5483774,4935182,4394734,3691209,3016384,199951,33.1612,1.0158,0.08,NA,NA,NA,5.702796635,5.443336633,-0.471566601,3.875825448,-8.616551018
Cambodia,Asia,637142865.7,718401157.7,NA,NA,3677897739,11242275199,18049954289,27089389787,16767842,16396860,15417523,14363532,12118841,8910808,6198959,6708525,181035,92.6221,1.0108,0.21,NA,NA,NA,NA,9.993580322,5.963078575,7.115694555,-3.141034806
Kiribati,Oceania,NA,14295279.54,38715554.54,39809538.68,67254174.4,156120895.2,171117872.4,194647201.9,131232,126463,116707,107995,88826,75124,60813,57437,811,161.815,1.0183,0,NA,NA,-16.50773235,-0.869565217,6.25,-0.923884657,10.40540793,2.538071066
St. Kitts and Nevis,North America,12366563.61,16300000,68459259.26,217259259.3,421473325.2,760170370.4,923155555.6,1053244444,47657,47642,47790,47403,45461,40636,43097,44968,261,182.5939,1.0011,0,NA,NA,8.440121037,4.877251516,10.04280842,-0.609318192,1.033704225,-10.74339098
"Korea, Rep.",Asia,3958190759,9005023184,65398646758,2.83368E+11,5.76178E+11,1.14407E+12,1.46577E+12,1.64674E+12,51815810,51844690,50994401,48813042,46788591,44120039,38170501,32601143,100210,517.0722,0.9997,0.65,6.935992652,10.05273481,-1.64568764,9.877552502,9.060833325,6.804824918,2.809103268,-0.957766224
Kuwait,Asia,NA,2873984878,28638550499,18427777778,37712842243,1.15419E+11,1.14567E+11,1.34629E+11,4268873,4360444,3908743,2943356,1934901,1674938,1493870,802786,17818,239.5821,1.0044,0.05,NA,NA,NA,NA,4.694581871,-2.37026412,0.593019617,NA
Lao PDR,Asia,NA,NA,NA,865559856.2,1731198022,7127792630,14390442307,18173839147,7529475,7319399,6787419,6323418,5430853,4314443,3297519,2675283,236800,31.7968,1.0141,0.09,NA,NA,NA,6.704578687,5.798782326,8.526905517,7.270065843,0.439513531
Lebanon,Asia,NA,NA,NA,2838485354,17260364842,38443907042,49939374833,51991634492,5489739,5662923,6398940,4995800,4320642,3593700,2963702,2381791,10452,525.2334,0.9816,0.07,NA,NA,NA,26.53316009,1.341871619,7.975135559,0.211611959,-20.29999319
Liberia,Africa,NA,NA,NA,NA,8.74E+08,2.00E+09,3.18E+09,3070518100,5302681,5087584,4612329,4019956,2895224,2209731,1932169,1463563,111369,47.6136,1.021,0.07,NA,NA,NA,NA,NA,6.099827602,0,-2.870722428
Libya,Africa,NA,NA,NA,28901836158,38270206950,74773444901,27842131480,52091152228,6812341,6653942,6192235,6491988,5154790,4236983,2962720,1909177,1759540,3.8717,1.0114,0.09,NA,NA,NA,NA,3.679213293,5.021289739,-8.862039363,-31.3
St. Lucia,North America,NA,NA,170370370.4,579629629.6,932592592.6,1486758037,1808079889,2122450630,179857,179237,175623,170935,159500,142301,121633,103090,616,291.9756,1.0011,0,NA,NA,-2.220528093,9.890701529,0.048748554,1.603862385,-1.360484662,-20.21154919
Liechtenstein,Europe,NA,90098330.67,534701915.6,1421466240,2483953103,5082366478,6268391521,NA,39327,38756,37355,35926,33026,28765,25003,21089,160,245.7937,1.0074,0,NA,NA,4.758672524,2.252870971,3.220193082,NA,NA,NA
Sri Lanka,Asia,1409873950,2296470588,4024621900,8032551173,16330814180,56725749222,80604080689,84008783756,21832143,21715079,21336697,20668557,18776371,17204094,14943645,12388769,65610,332.7563,1.0027,0.27,NA,3.846629855,5.846026516,6.399995307,6.00003316,8.015967371,5.007683305,-3.569076137
Lesotho,Africa,34579308.41,68738625.23,431561376.5,596415104.5,887295267.9,2269525779,2372280103,2376328637,2305825,2254100,2118521,2022747,1998630,1798997,1407672,1023481,30355,75.962,1.0107,0.03,1.864795166,2.177071167,-2.74477924,6.04547333,3.875546814,5.266280653,3.127557724,-11.06099374
Lithuania,Europe,NA,NA,NA,NA,11524776867,37138464733,41418872976,54627411860,2750055,2820267,2963765,3139019,3599637,3785847,3521206,3210147,65300,42.1142,0.9869,0.03,NA,NA,NA,NA,3.695525421,1.651240653,2.024583955,-0.87190554
Luxembourg,Europe,703925705.9,1509155305,6232005794,13229247948,21263514833,53212476812,57744457955,71104919108,647599,630399,569408,507070,435628,381267,363741,339342,2586,250.425,1.0129,0.01,3.829983122,4.507043777,0.840877543,5.319932787,8.23980206,4.864968979,4.306431493,-1.313204543
Latvia,Europe,NA,NA,NA,NA,7949253766,23877564356,27239653844,34102913582,1850651,1897052,1991955,2101530,2392530,2689391,2572037,2397414,64559,28.666,0.9876,0.02,NA,NA,NA,NA,5.671974915,-4.406823636,4.006874033,-3.623683916
"Macao SAR, China",Asia,NA,NA,NA,3220920085,6720492406,28123640999,45361678147,53859116536,695168,676283,615239,557297,431896,350227,245332,247284,30,23172.2667,1.0125,0.01,NA,NA,NA,7.98035975,5.747116004,25.12291651,-21.49264721,-56.30824513
St. Martin (French part),North America,NA,NA,NA,NA,NA,NA,NA,NA,31791,32552,35020,36458,29610,28127,7776,5802,53,599.8302,0.9951,0,NA,NA,NA,NA,NA,NA,NA,NA
Morocco,Africa,2037150716,3956328426,21728770055,30180108562,38857251336,93216746662,1.0118E+11,1.197E+11,37457971,36688772,34680458,32464865,28554415,24570814,19678444,15274351,446550,83.883,1.0103,0.47,NA,4.713460376,3.642164813,3.411812226,1.912872981,3.815717917,4.536378168,-7.117232169
Monaco,Europe,NA,293073868,1378130996,2481316054,2647883816,5367625613,6261622101,NA,36469,36922,36760,33178,32465,30329,27076,24270,2,18234.5,0.9941,0,NA,NA,1.685457433,2.643454173,3.910229226,2.099999899,4.899999169,NA
Moldova,Europe,NA,NA,NA,NA,1288429392,6974960345,7745231660,11968713370,3272996,3084847,3277388,3678186,4251573,4480199,4103240,3711140,33846,96.7026,1.0691,0.04,NA,NA,NA,NA,2.107716048,7.100000084,-0.338235324,-6.969046296
Madagascar,Africa,673081724.1,1111859570,5201818349,3931334871,4629247091,9982711030,11323023787,14114631281,29611714,28225177,24850912,21731053,16216431,11882762,8948162,6639751,587041,50.4423,1.0241,0.37,2.048632751,5.276455575,0.952707588,3.128905054,4.456858938,0.619229746,3.132295888,-4.200002074
Maldives,Asia,NA,NA,42463576.16,215089005.2,624337145.3,2588176055,4109447297,5642179170,523787,514438,435582,361575,282507,224957,164887,123243,300,1745.9567,1.0045,0.01,NA,NA,NA,NA,3.845810392,7.265129068,2.88454853,-31.98206371
Mexico,North America,1.30E+10,3.55E+10,2.05139E+11,2.61254E+11,7.07907E+11,1.0578E+12,1.17187E+12,1.26887E+12,127504125,125998302,120149897,112532401,97873442,81720428,67705186,50289306,1964375,64.9082,1.0063,1.6,5.000000002,6.502484033,9.233251984,5.175768386,4.942453715,5.118118143,3.293151528,-8.239473277
Marshall Islands,Oceania,NA,NA,NA,78476000,115347500,162164700,184599600,NA,41569,43413,49410,53416,54224,46047,31988,23969,181,229.663,0.9886,0,NA,NA,NA,2.676246464,1.354079109,6.668641057,1.613921462,NA
North Macedonia,Europe,NA,NA,NA,4699646643,3772851420,9407168702,10064515432,12547040499,2093599,2111072,2107962,2093828,2037936,2044174,1907023,1656783,25713,81.4218,0.9954,0.03,NA,NA,NA,NA,4.549135783,3.358750858,3.85586514,-4.531995024
Mali,Africa,NA,359772363.3,1759690812,2681912030,2954129566,10689167195,13104802016,17279566719,22593590,21224040,18112907,15529181,11239101,8945026,7372581,6153587,1240192,18.2178,1.0314,0.28,NA,6.136954863,-4.325839869,-2.502395103,-0.060834972,5.313935279,6.171800024,-1.649261401
Malta,Europe,NA,250721821.6,1250242108,2547163582,4069515557,9035932178,11091434435,14989415684,533286,515357,456579,418755,399212,365392,333587,315414,316,1687.6139,1.0124,0.01,NA,NA,7.049711215,6.291390958,19.6812701,5.543639385,9.608132811,-7.001129615
Myanmar,Asia,NA,NA,NA,NA,8905066164,49540813342,67822772707,76085852617,54179306,53423198,51483949,49390988,45538332,40099553,33465781,27284112,676578,80.0784,1.0071,0.68,0.47156108,4.979330597,7.938538081,2.816933273,13.74593056,9.634439452,6.99284029,-9.992044686
Montenegro,Europe,NA,NA,NA,NA,984297589.4,4142931813,4053097851,5542577965,627082,629048,633966,631044,633324,621442,589324,530268,13812,45.4012,0.9988,0.01,NA,NA,NA,NA,3.100000184,2.734374433,3.39035841,-15.15898443
Mongolia,Asia,NA,NA,NA,2560785660,1136896124,7189481824,11749620620,13996719329,3398366,3294335,2964749,2702520,2450979,2161433,1697780,1293880,1564110,2.1727,1.0151,0.04,NA,NA,NA,-3.184460178,1.146062137,6.365161685,2.379835807,-5.335552017
Mozambique,Africa,NA,NA,NA,NA,5656473652,11104648673,15950969019,15291448212,32969517,31178239,26843246,23073723,17768505,13303459,11413587,8411676,801590,41.1302,1.0278,0.41,NA,NA,NA,0.999992833,1.180300789,6.502353115,6.72327878,-1.281886972
Mauritania,Africa,NA,309405316.1,1047924649,1506914408,1779521110,5628882266,6166857629,7600656944,4736139,4498604,3946220,3419461,2695003,2006027,1506694,1122198,1030700,4.5951,1.0263,0.06,NA,11.98593115,3.37121022,-1.771304534,-3.918025879,2.620229521,5.376339237,-1.488487214
Mauritius,Africa,NA,NA,1131788192,2653480001,4663313620,10003670690,11692287066,14048430519,1299469,1297828,1293153,1283330,1215930,1090290,954865,830115,2040,636.9946,1.0004,0.02,NA,NA,-10.0612585,7.186736771,8.202791783,4.377203239,3.55307173,-14.86783129
Malawi,Africa,162956740.9,290531621.3,1237655461,1880771556,1743506531,6959655571,6373212641,7666704427,20405317,19377061,16938942,14718422,11229387,9539665,6267369,4625141,118484,172.22,1.0259,0.26,7.639597855,0.479297978,0.406746413,5.692294494,1.576077837,6.874065635,2.799999999,0.8
Malaysia,Asia,1916241997,3864170913,24488033442,44024178343,93789736842,2.55017E+11,3.01355E+11,3.64681E+11,33938221,33199993,31068833,28717731,22945150,17517054,13215707,10306508,330803,102.5934,1.0109,0.43,7.597993999,5.98653863,7.441826784,9.00852714,8.85886817,7.424847383,5.091532422,-5.587744678
Namibia,Africa,NA,NA,2422096075,2785764518,3833993703,11268186636,11272143473,12366528259,2567012,2489098,2282704,2099271,1819141,1369011,975994,754467,825615,3.1092,1.0146,0.03,NA,NA,NA,2.04745994,3.492183328,6.039249491,4.264174529,-7.983543825
New Caledonia,Oceania,NA,358815681.9,1182457143,2529310104,2682347064,NA,NA,NA,289950,286403,283032,261426,221537,177264,148599,110982,18575,15.6097,1.0075,0,NA,30.99928974,-0.399994551,3.600001274,2.100108842,NA,NA,NA
Niger,Africa,449526872.6,649916708.2,2508524186,3512356353,2236185390,7851191899,9685577941,12911689659,26207977,24333639,20128124,16647543,11622665,8370647,6173177,4669708,1267000,20.6851,1.0378,0.33,4.546393036,3.055778922,-2.455036125,-1.308478284,-1.208477743,8.578166743,4.392648832,1.500005543
Nigeria,Africa,4196092258,12545849083,64201788123,54035795388,69448756933,3.61457E+11,4.86803E+11,4.4812E+11,218541212,208327405,183995785,160952853,122851984,95214257,72951439,55569264,923768,236.5759,1.0241,2.74,0.191795489,25.00724193,4.204831047,11.77688593,5.015934757,8.005655915,2.652693295,-1.794253082
Nicaragua,North America,223854666.7,776585681.1,2189347368,1009455484,5107329007,8758639096,12756706583,12520915291,6948392,6755895,6298598,5855734,5123222,4227820,3303309,2444767,130373,53.2962,1.0143,0.09,7.497743398,1.353826591,4.611732279,-0.052499721,4.101590155,4.40884491,4.793318181,-1.977329393
Netherlands,Europe,12276734172,38164716625,1.95152E+11,3.18331E+11,4.16443E+11,8.46555E+11,7.65265E+11,9.07051E+11,17564014,17434557,17041107,16617116,15899135,14944548,14130387,13037686,41850,419.6897,1.0036,0.22,0.295546673,6.140181648,1.341914136,4.183222986,4.195642498,1.342739336,1.959169721,-3.798635993
Norway,Europe,5163271598,12814123115,64439382896,1.19792E+11,1.71247E+11,4.28757E+11,3.85802E+11,4.03336E+11,5434319,5379839,5190356,4889741,4491202,4241636,4085776,3875546,323802,16.7828,1.0058,0.07,6.27333551,1.943300505,4.564648356,1.932419827,3.204979222,0.701833824,1.967128438,-0.765860365
Nepal,Asia,508334414,865975308.6,1945916583,3627562403,5494252208,16002656434,21410840909,30641380604,30547580,29348627,27610325,27161567,24559500,19616530,15600442,12501285,147181,207.5511,1.0171,0.38,1.908265969,2.575992126,-2.319394203,4.635036347,6.199999988,4.81641465,3.976053272,-2.088378695
Nauru,Oceania,NA,NA,NA,NA,NA,47564520.39,86779266.16,118223430.1,12668,12315,11185,10241,10377,9598,7635,6663,21,603.2381,1.0125,0,NA,NA,NA,NA,NA,11.11111111,3.703703704,NA
New Zealand,Oceania,5485854792,6623527831,23244547385,45495129385,52623281957,1.46619E+11,1.77468E+11,2.06929E+11,5185288,5061133,4590590,4346338,3855266,3397389,3147168,2824061,270467,19.1716,1.0108,0.07,NA,NA,1.283887467,0.152969261,2.905022988,1.527994135,3.707375818,0.980965093
Oman,Asia,NA,256299496,5981760278,11685045514,19507452508,56913065779,68399663322,76331518669,4576298,4543399,4191776,2881914,2344253,1804524,1017462,670693,309500,14.7861,1.0123,0.06,NA,13.89509644,6.035444115,-0.13042574,6.551066393,1.71398521,4.630374517,NA
Pakistan,Asia,3749265015,10027509450,23654444444,40010423970,82017743416,1.77166E+11,2.70556E+11,2.78222E+11,235824862,227196741,210969298,194454498,154369924,115414069,80624057,59290872,881912,267.4018,1.0191,2.96,5.987346419,11.35346172,10.21570404,4.458586815,4.260088011,1.606688629,4.731147475,0.525527439
Panama,North America,537147100,1351006400,4614086400,6433967000,12304115000,29440300000,54091700000,66800800000,4408581,4294396,3957099,3623617,3001731,2449968,1956987,1516188,75417,58.4561,1.0132,0.06,10.92659484,6.959226107,13.08448173,8.098993006,2.715374155,5.827839392,5.733054296,-17.94933167
Peru,South America,2571908062,7432223177,18134029180,26410386669,51744749133,1.47529E+11,1.89805E+11,2.26848E+11,34049588,33304756,30711863,29229572,26654439,22109099,17492406,13562371,1285216,26.4933,1.0099,0.43,7.347096331,3.365946003,5.943335398,-4.982563536,2.694371398,8.332459107,3.252244772,-11.14881188
Philippines,Asia,6684568805,6687204834,32450541843,44311593756,83670261708,2.08369E+11,3.06446E+11,3.76796E+11,115559009,112190977,103031365,94636700,77958223,61558898,48419546,37435586,342353,337.5434,1.0147,1.45,5.616579319,3.764604859,5.148911294,3.036966294,4.411222159,7.33449996,6.348309717,-9.573029875
Palau,Oceania,NA,NA,NA,NA,146297500,185943000,280457700,268354919.4,18055,17972,17794,18540,19726,15293,12252,11366,459,39.3355,1.0017,0,NA,NA,NA,NA,NA,0.216072674,7.539069794,NA
Papua New Guinea,Oceania,230496033,645537126.2,2545983008,3219730365,3521339699,14250755222,21723531182,24829107011,10142619,9749640,8682174,7583269,5508297,3864972,3104788,2489059,462840,21.9139,1.0194,0.13,6.18111172,10.84280577,-2.303451199,-3.01216922,-2.494841993,10.12845407,6.578356323,-3.878818537
Poland,Europe,NA,NA,NA,65977749037,1.72219E+11,4.79834E+11,4.77812E+11,5.95858E+11,39857145,38428366,38553146,38597353,38504431,38064255,35521429,32482943,312679,127.4698,1.0404,0.5,NA,NA,NA,NA,4.561025468,3.740517779,4.236326306,-2.701709195
Puerto Rico,North America,1691900000,5034700000,14436100000,30603919000,61701800000,98381300000,1.03376E+11,1.04989E+11,3252407,3271564,3497335,3717922,3827108,3543776,3214568,2737619,8870,366.675,0.9989,0.04,7.04173847,8.397917946,4.243465305,-2.840540726,3.271964529,-0.413254118,-1.049443651,-3.903305193
"Korea, Dem. Peopleâ€™s Rep.",Asia,NA,NA,NA,NA,NA,NA,NA,NA,26069416,25867467,25258015,24686435,23367059,20799523,17973650,14996879,120538,216.2755,1.0038,0.33,NA,NA,NA,NA,NA,NA,NA,NA
Portugal,Europe,3193200404,8108235704,32896519824,78713860217,1.18311E+11,2.37881E+11,1.99314E+11,2.38785E+11,10270865,10298192,10365435,10588401,10300626,10007346,9785252,8683631,92090,111.5307,0.9981,0.13,5.534903476,12.61260546,4.589339924,3.950522763,3.816178063,1.737625476,1.792046046,-7.572777766
Paraguay,South America,NA,594611111.1,4448087302,5812114523,8855705140,27215968616,36164068797,38145288940,6780744,6618695,6177950,5768613,5123819,4059195,3078912,2408787,406752,16.6705,1.0115,0.09,6.900285514,5.553425736,11.71214594,4.12328288,-2.314140568,11.09523127,2.957151735,-1
West Bank and Gaza,Asia,NA,NA,NA,NA,4313600000,9681500000,13972400000,NA,5250072,5019401,4484614,3992278,3139954,2124609,1453620,1118241,6220,844.063,1.0227,0.07,NA,NA,NA,NA,-8.556183291,5.777362056,3.721299671,-11.45745151
French Polynesia,Oceania,NA,254035999.2,1362151524,3181206305,3447543138,NA,NA,NA,306279,301920,291787,283788,250927,211089,163591,117891,4167,73.5011,1.0074,0,NA,1.626711344,0.484901265,2.200000128,4.000000343,NA,NA,NA
Qatar,Asia,NA,301791301.8,7829094613,7360439423,17759890110,1.25122E+11,1.6174E+11,1.75838E+11,2695122,2760385,2414573,1713504,645937,441675,277450,118007,11586,232.6189,1.0026,0.03,NA,NA,NA,NA,NA,19.59233153,4.753345721,-3.667835526
Romania,Europe,NA,NA,NA,38995454545,37253259017,1.66309E+11,1.77729E+11,2.50077E+11,19659267,19442038,19906079,20335211,21919876,22836234,22125224,19922618,238391,82.4665,1.0171,0.25,NA,NA,NA,NA,2.461263459,-3.90123628,2.953674037,-3.859373593
Russian Federation,Europe,NA,NA,NA,5.16814E+11,2.5971E+11,1.52492E+12,1.36348E+12,1.69988E+12,144713314,145617329,144668389,143242599,146844839,148005704,138257420,130093010,17098242,8.4636,0.9973,1.81,NA,NA,NA,-2.999995642,10.00006682,4.5,-1.972719226,-2.951273899
Rwanda,Africa,119000024,219900006,1254765350,2550185618,2068929592,6124120673,8545441361,10354417725,13776698,13146362,11642959,10309031,8109989,7319962,5247532,3896367,26338,523.0731,1.0234,0.17,-4.297526048,6.001425245,8.951612331,-2.399291097,8.37091824,7.334656108,8.856844355,-3.355472122
Saudi Arabia,Asia,NA,5377268849,1.64542E+11,1.1763E+11,1.89515E+11,5.28207E+11,6.5427E+11,7.92967E+11,36408820,35997107,32749848,29411929,21547390,16004763,10171710,6106191,2149690,16.9368,1.0128,0.46,NA,58.64733065,5.652457601,15.19342589,5.625416143,5.039484027,4.10640887,-4.106583412
Sudan,Africa,1307333333,2437666667,7459833333,12408647541,12257418326,58167563413,74294508240,30513456085,46874204,44440486,38171178,33739933,26298773,21090886,16673586,11305206,1886068,24.8529,1.0267,0.59,0.022391334,5.925074714,1.524310148,-5.470053776,6.345867769,3.469317028,4.009848018,-1.5621618
Senegal,Africa,1003692375,1297407829,4435050397,7237100724,5924239701,16230887978,17774766636,23578084052,17316449,16436119,14356181,12530121,9704287,7536001,5703869,4367744,196722,88.025,1.0261,0.22,2.993448255,8.562045511,3.98776197,-0.746282223,3.887210958,3.390889253,6.367043651,0.870408532
Singapore,Asia,704756304.7,1920586698,11896256783,36144336769,96074477958,2.39809E+11,3.08004E+11,3.72063E+11,5975689,5909869,5650018,5163590,4053602,3022209,2400729,2061831,710,8416.4634,1.0058,0.07,8.136887714,13.942261,10.11321778,9.821049131,9.039146751,14.52563899,2.988520676,-5.391021406
Solomon Islands,Oceania,NA,NA,177151120.8,208003796.3,429169368.6,846797693.6,1307061544,1589913622,724273,691191,612660,540394,429978,324171,233668,172833,28896,25.0648,1.0232,0.01,NA,NA,NA,2.20304338,-14.27513698,8.616718602,1.415701416,-4.317260027
Sierra Leone,Africa,322009471.6,434410373.8,1100685845,649644826.8,635874002.2,2578026297,4218723875,4121733705,8605718,8233969,7314773,6436698,4584067,4325388,3367477,2778557,71740,119.957,1.022,0.11,1.80904355,8.62049324,4.843503756,3.349997984,6.652727885,5.346466052,-20.59877072,-2.162497231
El Salvador,North America,NA,1132920000,3573959900,4817542204,11784927700,18447920000,23438240000,27022640000,6336392,6292731,6231066,6114034,5958482,5367179,4508992,3619090,21041,301.145,1.0035,0.08,NA,2.977295091,-11.77131766,4.831560385,1.12605705,2.105085752,2.39746263,-7.943984613
San Marino,Europe,NA,NA,NA,NA,1005159388,1881214371,1419394771,NA,33660,34007,33570,31608,26823,23132,21346,18169,61,551.8033,0.9975,0,NA,NA,NA,NA,2.179379715,-5.473684211,2.291505561,NA
Somalia,Africa,180459936.8,322600009.1,603592656.8,917044228,NA,NA,NA,NA,17597511,16537016,13763906,12026649,8721465,6999096,5892224,3720977,637657,27.5971,1.0312,0.22,-3.261981202,4.581407921,-3.901390044,-1.484075684,NA,NA,3.463855422,-1.495162709
Serbia,Europe,NA,NA,NA,NA,6875845987,41819468692,39655958843,51475016532,7221365,7358005,7519496,7653748,7935022,7987529,7777010,7193533,88361,81.7257,0.9897,0.09,NA,NA,NA,NA,6.13181309,0.731044553,1.806059265,-0.979714616
South Sudan,Africa,NA,NA,NA,NA,NA,14602072411,11997800760,NA,10913164,10606227,11194299,9714419,6114440,4750817,4192011,3342410,619745,17.6091,1.0153,0.14,NA,NA,NA,NA,NA,5.493416395,-10.79336463,NA
Sao Tome and Principe,Africa,NA,NA,NA,NA,NA,196652166.3,316065369.9,418637389,227380,218641,201124,182138,143714,120343,97210,77583,964,235.8714,1.0192,0,NA,NA,NA,NA,NA,6.671983657,3.911337989,3.089725555
Suriname,South America,99650000,274900000,7.95E+08,388400000,947671969.7,4368398048,4787367928,3697371950,618040,607065,575475,546080,478998,412756,375112,379918,163820,3.7727,1.0082,0.01,4.8,2.7,-8.8,-4.5,2.09999866,5.168825162,-3.411095864,-14.5
Slovak Republic,Europe,NA,NA,NA,12747380650,29169953013,90310718349,88467555244,1.0508E+11,5643453,5456681,5424444,5396424,5376690,5261305,4973883,4522867,49037,115.0856,1.0359,0.07,NA,NA,NA,NA,1.166528247,5.871256109,4.81489967,-4.754325341
Slovenia,Europe,NA,NA,NA,18198199153,20289627637,48161250405,43090173395,54174227309,2119844,2117641,2080862,2057286,1984339,1986024,1901570,1741286,20273,104.5649,1.0002,0.03,NA,NA,NA,NA,3.67237155,1.343748472,2.210081607,-4.229261389
Sweden,Europe,15822585034,38092452061,1.42092E+11,2.61846E+11,2.62835E+11,4.95813E+11,5.05104E+11,5.30884E+11,10549347,10368969,9849349,9381729,8871043,8548406,8311763,8027702,450295,23.4276,1.0079,0.13,5.68129281,7.28920626,1.699971439,0.754674769,4.766348871,5.952107008,4.489281588,-2.795335142
Eswatini,Africa,35076158.48,112137757.2,542000513.6,1114703088,1738100853,4438778547,4062660890,4471598727,1201670,1180655,1133936,1099920,1030496,854011,598564,442865,17364,69.2047,1.0079,0.02,NA,NA,12.44905217,21.01800054,1.76017376,3.793754968,2.203324126,-1.637027507
Sint Maarten (Dutch part),North America,NA,NA,NA,NA,NA,NA,1253072626,NA,44175,43621,40205,33034,30489,27845,12243,6260,34,1299.2647,1.003,0,NA,NA,NA,NA,NA,3.199994022,0.4,NA
Seychelles,Africa,12012025.25,18432031.36,147357222.8,368584758.9,614879764.8,969936525.3,1377495054,1703387387,107118,105530,99240,92409,80060,71057,65290,54379,452,236.9867,1.0061,0,-4.882276361,8.871869865,-4.248522589,6.99554469,1.514338815,5.954962469,4.937385619,-10.72048707
Syrian Arab Republic,Asia,857704431.7,2140383696,13062421025,12308624284,19325894913,NA,NA,NA,22125249,20772595,19205178,22337563,16307654,12408996,8898954,6319199,185180,119.4797,1.0376,0.28,10.8330639,-3.807819134,11.98320186,7.640772323,2.742857397,NA,NA,NA
Turks and Caicos Islands,North America,NA,NA,NA,NA,NA,686787800,942070000,1197415000,45703,44276,36538,29726,18744,11709,7598,5665,948,48.2099,1.0131,0,NA,NA,NA,NA,NA,NA,11.31483413,-26.80000429
Chad,Africa,313582727.6,469266736.6,1033002402,1738605558,1385058162,10668102735,10950392220,11314951343,17723315,16644701,14140274,11894727,8259137,5827069,4408230,3667394,1284000,13.8032,1.0316,0.22,1.397743671,1.859656479,-6.047670747,-4.178472373,-0.879681025,13.55010086,2.767675685,-0.890209999
Togo,Africa,121128073.1,253976626.2,1136408814,1628427515,1488185772,3429461495,4180866177,5490272413,8848699,8442580,7473229,6571855,5008035,3875947,2838110,2197383,56785,155.8281,1.0236,0.11,12.16931737,2.524302645,14.57695611,-0.243656136,-0.78347961,6.099259161,5.742868453,1.752800749
Thailand,Asia,2760747472,7086538438,32353440727,85343063966,1.26392E+11,3.41105E+11,4.01296E+11,5.43549E+11,71697030,71475664,70294397,68270489,63066603,55228410,45737753,35791728,513120,139.7276,1.0013,0.9,5.362146302,11.40794907,5.173541006,11.16716344,4.455247043,7.513390533,3.134047249,-6.087220285
Tajikistan,Asia,NA,NA,NA,2629395066,860521119.3,5642178580,7854602392,8116626794,9952787,9543207,8524063,7621779,6272998,5417860,4045965,2993019,143100,69.5513,1.0208,0.12,NA,NA,NA,-0.599999631,8.324324495,6.499999086,5.999999264,4.499999517
Turkmenistan,Asia,NA,NA,NA,3189539641,2904662605,22583157895,35799714286,NA,6430770,6250438,5766431,5267970,4569132,3720278,2862903,2201432,488100,13.1751,1.014,0.08,NA,NA,NA,35.38455811,5.469064133,9.199999988,6.49999991,NA
Timor-Leste,Asia,NA,NA,NA,NA,367087900,881826900,1594410800,2017924900,1341296,1299995,1205813,1088486,878360,758106,642224,554021,14874,90.1772,1.0154,0.02,NA,NA,NA,NA,NA,9.459876642,2.910035015,-8.702548486
Tonga,Oceania,NA,NA,53260077.43,113563821.6,204849594.9,366840012.4,437006227.2,512350059.4,106858,105254,106122,107383,102603,98727,96708,86484,747,143.0495,1.0079,0,NA,NA,NA,-2.044091435,0.875990063,0.803490183,1.171888256,NA
Trinidad and Tobago,North America,535670127.7,821850000,6235833333,5.07E+09,8154338233,22157948396,25062893969,24269714810,1531044,1518147,1460177,1410296,1332203,1266518,1127852,988890,5130,298.4491,1.0035,0.02,14.03707086,3.533635676,10.39081014,1.509167842,6.901359591,3.32322471,1.483781034,-7.831876497
Tunisia,Africa,NA,1439238095,8744134354,12290568182,21473188882,44050929160,43173480832,38796687568,12356117,12161723,11557779,10895063,9893316,8440023,6578156,5047404,163610,75.5218,1.0076,0.15,NA,4.669631776,7.418739595,7.949819436,4.709972903,3.511164066,1.165860578,-8.600310283
Turkey,Asia,13995067818,17086956522,68789289566,1.50676E+11,2.74303E+11,7.76968E+11,8.64314E+11,7.61425E+11,85341241,84135428,79646178,73195345,64113547,54324142,44089069,35540990,783562,108.9145,1.0067,1.07,1.156069385,3.233508973,-2.447350426,9.266146671,6.933239705,8.427104323,6.084486904,1.756650763
Tuvalu,Oceania,NA,NA,NA,8824447.74,13742057.05,31823518.62,35492074.22,47271463.33,11312,11069,10877,10550,9638,9182,7731,5814,26,435.0769,1.0096,0,NA,NA,NA,NA,-0.970599814,-2.729427912,9.142893933,4.4
Tanzania,Africa,NA,NA,NA,4258743263,13375976354,32014249841,47378599025,63177068175,65497748,61704518,52542823,45110527,34463704,26206012,19297659,13618192,945087,69.3034,1.03,0.82,NA,NA,NA,7.045071644,4.520784635,6.336523427,6.160628774,2.003858269
Uganda,Africa,423008385.7,1260084034,1244610000,4304398866,6193246837,26558906014,32248116584,35165157017,47249585,44404611,37477356,32341728,24020697,17586630,13284026,10317212,241550,195.61,1.0304,0.59,NA,NA,NA,6.474140151,3.141907338,5.637611638,5.187859863,2.857581274
Ukraine,Europe,NA,NA,NA,81456918679,31261527363,1.36013E+11,91030959455,1.53781E+11,39701739,43909666,44982564,45683020,48879755,51589817,49973920,47279086,603500,65.7858,0.912,0.5,NA,NA,NA,-6.345235128,5.899999999,3.834392505,-9.772960791,-4.020317714
Uruguay,South America,1242289239,2137096774,10163020116,9298839655,22823255803,40284481653,53274304222,56045912953,3422794,3429086,3402818,3352651,3292224,3117012,2953750,2790265,181034,18.9069,0.999,0.04,2.493037918,2.333213382,5.843400901,0.297348378,-1.929930638,7.803409666,0.370741265,-5.858721243
United States,North America,5.43E+11,1.07E+12,2.86E+12,5.96E+12,1.02523E+13,1.49921E+13,1.82247E+13,2.14E+13,338289857,335942003,324607776,311182845,282398554,248083732,223140018,200328340,9372610,36.0935,1.0038,4.24,2.3,-0.346648734,-0.256749677,1.885964958,4.127484017,2.56376656,3.07551465,-3.486140408
Uzbekistan,Asia,NA,NA,NA,13360607918,13760513969,46679875794,81847410182,57921286440,34627652,33526656,30949417,28614227,24925554,20579100,15947129,12011361,447400,77.3975,1.016,0.43,NA,NA,NA,1.600000006,3.834999999,7.597167961,7.447705075,1.647797102
St. Vincent and the Grenadines,North America,13066557.78,18450000,82340339.63,240365262.6,396261370.4,681225925.9,755400000,824718518.5,103948,104632,106482,109308,113813,112487,107480,98459,389,267.2185,0.9963,0,4.527283278,10.74588955,2.44320224,6.942727397,1.639033243,-3.353369,1.330275498,-2.728124332
"Venezuela, RB",South America,7779090909,11561111111,59116511628,48598315565,1.17141E+11,3.93192E+11,NA,NA,28301696,28490453,30529716,28715022,24427729,19750579,15210443,11355475,916445,30.882,1.0036,0.35,3.192519439,7.711914381,-4.421322364,6.467940853,3.686944167,-1.488791251,NA,NA
British Virgin Islands,North America,NA,NA,NA,NA,NA,NA,NA,NA,31305,30910,29366,27556,20104,15617,11109,9581,151,207.3179,1.0059,0,NA,NA,NA,NA,NA,NA,NA,NA
Virgin Islands (U.S.),North America,NA,NA,NA,NA,NA,4.34E+09,3.75E+09,NA,99465,100442,102803,106142,108185,100685,96640,63446,347,286.6427,0.9937,0,NA,NA,NA,NA,NA,0.904116108,0.258899676,NA
Vietnam,Asia,NA,NA,NA,6471740806,31172518403,1.15932E+11,1.93241E+11,2.61921E+11,98186856,96648685,92191398,87411012,79001142,66912613,52968270,41928849,331212,296.4472,1.0074,1.23,NA,NA,NA,5.10091814,6.787316408,6.423238217,6.679288789,2.905835584
Vanuatu,Oceania,NA,NA,121185497.6,168879207.2,272014693.1,700804286.2,759689950.9,934239973.8,326740,311685,276438,245453,192074,150882,118156,87019,12189,26.8061,1.0238,0,NA,NA,-11.39980671,11.6956998,5.924809057,1.260681797,0.371578452,-9.235328461
Samoa,Oceania,NA,NA,NA,125766269.8,269019710.3,663161517.9,788307330.6,852250191,222382,214929,203571,194672,184008,168186,164905,142771,2842,78.2484,1.0165,0,NA,NA,NA,-4.421450949,6.918794454,0.479158678,4.272188528,-2.742567396
"Yemen, Rep.",Asia,NA,NA,NA,5647119229,9652436180,30906749533,42450620876,22581081994,33696614,32284046,28516545,24743946,18628700,13375121,9204938,6843607,527968,63.8232,1.0217,0.42,NA,NA,NA,NA,6.181915593,7.70230704,-27.99454625,NA
South Africa,Africa,7575396973,18418392640,82980483391,1.15552E+11,1.36361E+11,3.75349E+11,3.17621E+11,3.51432E+11,59893885,58801927,55876504,51784921,46813266,39877570,29463549,22368306,1221037,49.0517,1.0084,0.75,3.844751462,5.248674135,6.620585081,-0.317785676,4.200003476,3.039730814,1.193732801,-6.959604452
Zambia,Africa,7.13E+08,1825285714,3829500000,3285217391,3600683040,20265559484,21243339048,23309773923,20017675,18927715,16248230,13792086,9891136,7686401,5720438,4281671,752612,26.5976,1.028,0.25,1.361381991,4.797112903,3.035622351,-0.481072028,3.897322943,10.29822332,2.920375112,-3.016188903
Zimbabwe,Africa,1052990400,1884206300,6678868200,8783816700,6689957600,12041655200,19963120600,21440758800,16320537,15669666,14154937,12839771,11834676,10113893,7049926,5202918,390757,41.7665,1.0204,0.2,6.316157269,22.56515084,14.4206839,6.988552933,-3.059189762,19.67532314,1.779872703,-8
NA,North America,NA,NA,NA,NA,NA,NA,NA,NA,15857,15585,14525,13172,11047,8316,6560,6283,91,174.2527,1.0066,0,NA,NA,NA,NA,NA,NA,NA,NA
NA,Oceania,NA,NA,NA,NA,NA,NA,NA,NA,17011,17029,17695,17212,15897,17123,17651,20470,236,72.0805,1.0005,0,NA,NA,NA,NA,NA,NA,NA,NA
NA,South America,NA,NA,NA,NA,NA,NA,NA,NA,3780,3747,3408,3187,3080,2332,2240,2274,12173,0.3105,1.0043,0,NA,NA,NA,NA,NA,NA,NA,NA
NA,South America,NA,NA,NA,NA,NA,NA,NA,NA,304557,290969,257026,228453,164351,113931,66825,46484,83534,3.6459,1.0239,0,NA,NA,NA,NA,NA,NA,NA,NA
NA,North America,NA,NA,NA,NA,NA,NA,NA,NA,395752,395642,399089,403072,424067,391951,334234,318310,1628,243.0909,0.9992,0,NA,NA,NA,NA,NA,NA,NA,NA
NA,Europe,NA,NA,NA,NA,NA,NA,NA,NA,63301,62794,61629,60782,59114,57727,52860,52656,78,811.5513,1.0037,0,NA,NA,NA,NA,NA,NA,NA,NA
NA,Europe,NA,NA,NA,NA,NA,NA,NA,NA,110778,108319,100561,96151,86192,82874,75124,68347,116,954.9828,1.0106,0,NA,NA,NA,NA,NA,NA,NA,NA
NA,North America,NA,NA,NA,NA,NA,NA,NA,NA,367507,370391,383515,392181,432543,374271,333786,326428,1128,325.8041,0.9965,0,NA,NA,NA,NA,NA,NA,NA,NA
NA,Africa,NA,NA,NA,NA,NA,NA,NA,NA,326101,305587,249545,211786,159215,92659,52233,35383,374,871.9278,1.0319,0,NA,NA,NA,NA,NA,NA,NA,NA
NA,North America,NA,NA,NA,NA,NA,NA,NA,NA,4390,4500,5059,4938,5138,10805,11452,11402,102,43.0392,0.9939,0,NA,NA,NA,NA,NA,NA,NA,NA
NA,Oceania,NA,NA,NA,NA,NA,NA,NA,NA,1934,1942,1847,1812,2074,2533,3637,5185,260,7.4385,0.9985,0,NA,NA,NA,NA,NA,NA,NA,NA
NA,Oceania,NA,NA,NA,NA,NA,NA,NA,NA,49551,49587,51514,54087,80338,48002,17613,10143,464,106.7909,1.0014,0,NA,NA,NA,NA,NA,NA,NA,NA
NA,Africa,NA,NA,NA,NA,NA,NA,NA,NA,974052,957822,922495,890130,785424,658992,551674,473925,2511,387.914,1.0082,0.01,NA,NA,NA,NA,NA,NA,NA,NA
NA,North America,NA,NA,NA,NA,NA,NA,NA,NA,10967,10681,9643,8988,7082,5168,2983,2417,21,522.2381,1.0098,0,NA,NA,NA,NA,NA,NA,NA,NA
NA,North America,NA,NA,NA,NA,NA,NA,NA,NA,5862,5906,5978,6052,6274,6324,6106,5537,242,24.2231,0.9964,0,NA,NA,NA,NA,NA,NA,NA,NA
NA,Asia,NA,NA,NA,NA,NA,NA,NA,NA,23893394,23821464,23512136,23083083,22194731,20586174,18100281,14957870,36193,660.1662,1.0014,0.3,NA,NA,NA,NA,NA,NA,NA,NA
NA,Oceania,NA,NA,NA,NA,NA,NA,NA,NA,1871,1827,1454,1367,1666,1669,1647,1714,12,155.9167,1.0119,0,NA,NA,NA,NA,NA,NA,NA,NA
NA,Europe,NA,NA,NA,NA,NA,NA,NA,NA,510,520,564,596,651,700,733,752,1,510,0.998,0,NA,NA,NA,NA,NA,NA,NA,NA
NA,Oceania,NA,NA,NA,NA,NA,NA,NA,NA,11572,11655,12182,13142,14723,13454,11315,9377,142,81.493,0.9953,0,NA,NA,NA,NA,NA,NA,NA,NA
NA,Africa,NA,NA,NA,NA,NA,NA,NA,NA,575986,556048,491824,413296,270375,178529,116775,76371,266000,2.1654,1.0184,0.01,NA,NA,NA,NA,NA,NA,NA,NA
