Country.Name,Continent,X1970,X1980,X1990,X2000,X2010,X2015,X2019,X2022.Population,X2020.Population,X2015.Population,X2010.Population,X2000.Population,X1990.Population,X1980.Population,X1970.Population,Area..km...,Density..per.km...,Growth.Rate,World.Population.Percentage
Aruba,North America,NA,NA,764887117.2,1873452514,2390502793,2919553073,NA,106445,106585,104257,100341,89101,65712,62267,59106,180,591.3611,0.9991,0
Afghanistan,Asia,1748886596,3641723322,NA,NA,15856574731,19907111419,19291104008,41128771,38972230,33753499,28189672,19542982,10694796,12486631,10752971,652230,63.0587,1.0257,0.52
Angola,Africa,NA,5930503401,11228764963,9129594819,83799496611,1.16E+11,88815697793,35588987,33428485,28127721,23364185,16394062,11828638,8330047,6029700,1246700,28.5466,1.0315,0.45
Albania,Europe,NA,NA,2028553750,3480355189,11926928506,11386846319,15279183290,2842321,2866849,2882481,2913399,3182021,3295066,2941651,2324731,28748,98.8702,0.9957,0.04
Andorra,Europe,78619206.09,446416105.8,1029048482,1429049198,3449966857,2789870188,3154057987,79824,77700,71746,71519,66097,53569,35611,19860,468,170.5641,1.01,0
United Arab Emirates,Asia,NA,43598748449,50701443748,1.04E+11,2.90E+11,3.58E+11,4.21E+11,9441129,9287289,8916899,8481771,3275333,1900151,1014048,298084,83600,112.9322,1.0081,0.12
Argentina,South America,31584210366,76961923742,1.41E+11,2.84E+11,4.24E+11,5.95E+11,4.45E+11,45510318,45036032,43257065,41100123,37070774,32637657,28024803,23842803,2780400,16.3683,1.0052,0.57
Armenia,Asia,NA,NA,2256838858,1911563665,9260284938,10553337673,13672802158,2780469,2805608,2878595,2946293,3168523,3556539,3135123,2534377,29743,93.4831,0.9962,0.03
American Samoa,Oceania,NA,NA,NA,NA,5.76E+08,6.61E+08,NA,44273,46189,51368,54849,58230,47818,32886,27075,199,222.4774,0.9831,0
Antigua and Barbuda,North America,NA,131431026.7,459470370.4,826370370.4,1148700000,1336692593,1661962963,93763,92664,89941,85695,75055,63328,64888,64516,442,212.1335,1.0058,0
Australia,Oceania,41271138985,1.50E+11,3.11E+11,4.15E+11,1.15E+12,1.35E+12,1.40E+12,26177413,25670051,23820236,22019168,19017963,17048003,14706322,12595034,7692024,3.4032,1.0099,0.33
Austria,Europe,15373005557,82058912997,1.66E+11,1.97E+11,3.92E+11,3.82E+11,4.45E+11,8939617,8907777,8642421,8362829,8010428,7678729,7547561,7465301,83871,106.5877,1.002,0.11
Azerbaijan,Asia,NA,NA,8858006036,5272617196,52902703376,53074370486,48047647059,10358074,10284951,9863480,9237202,8190337,7427836,6383060,5425317,86600,119.6082,1.0044,0.13
Burundi,Africa,242732571.4,919726666.7,1132101253,870486065.9,2032135247,3104394858,3012334882,12889576,12220227,10727148,9126605,6307659,5483793,4312834,3497834,27834,463.0874,1.027,0.16
Belgium,Europe,26706196047,1.27E+11,2.05E+11,2.36E+11,4.81E+11,4.62E+11,5.33E+11,11655930,11561717,11248303,10877947,10264343,9959560,9828986,9629376,30528,381.8111,1.0038,0.15
Benin,Africa,333627758.2,1405251547,1959965244,3511248900,9535344283,11388160958,14390709095,13352864,12643123,10932783,9445710,6998023,5133419,3833939,3023443,112622,118.5635,1.0274,0.17
Burkina Faso,Africa,458404330.1,1928720390,3101301781,2956746304,10109618964,11832159276,15990803570,22673762,21522626,18718019,16116845,11882888,9131361,6932967,5611666,272967,83.0641,1.0259,0.28
Bangladesh,Asia,8992721809,18138049096,31598341234,53369787319,1.15E+11,1.95E+11,3.03E+11,171186372,167420951,157830000,148391139,129193327,107147651,83929765,67541860,147570,1160.035,1.0108,2.15
Bulgaria,Europe,NA,19839230769,20632090909,13245833844,50381825504,50647442757,68558815112,6781953,6979175,7309253,7592273,8097691,8767778,8980606,8582950,110879,61.1654,0.9849,0.09
Bahrain,Asia,NA,3072698328,4229787234,9062898936,25713271277,31050638298,38574069149,1472233,1477469,1362142,1213645,711442,517418,362595,222555,765,1924.4876,1.0061,0.02
"Bahamas, The",North America,538423153.7,1335300000,3.17E+09,8076470000,10095760000,11710800000,13578800000,409984,406471,392697,373272,325014,270679,223752,179129,13943,29.4043,1.0051,0.01
Bosnia and Herzegovina,Europe,NA,NA,NA,5505887894,17176781337,16211541820,20164193807,3233526,3318407,3524324,3811088,4179350,4494310,4199820,3815561,51209,63.1437,0.9886,0.04
Belarus,Europe,NA,NA,2.17E+10,12736856828,57222490769,56454734397,63080457023,9534954,9633740,9700609,9731427,10256483,10428525,9817257,9170786,207600,45.9295,0.9955,0.12
Belize,North America,53233532.93,197938222.4,412086445.5,832050000,1377200000,1723800000,1879613600,405272,394921,359871,322106,240406,182589,145133,120905,22966,17.6466,1.0131,0.01
Bermuda,North America,186300000,613299968,1592400000,3480219000,6634526000,6654541000,7484113000,64184,64031,63144,63447,61371,57470,53565,52019,54,1188.5926,1,0
Bolivia,South America,1017003367,4526916803,4867582620,8397912509,19649631314,33000198248,40895322844,12224110,11936162,11090085,10223270,8592656,7096194,5736088,4585693,1098581,11.1272,1.012,0.15
Brazil,South America,42327600098,2.35E+11,4.62E+11,6.55E+11,2.21E+12,1.80E+12,1.84E+12,215313498,213196304,205188205,196353492,175873720,150706446,122288383,96369875,8515767,25.2841,1.0046,2.7
Barbados,North America,NA,1012280615,2012131457,3059500000,4.53E+09,4.72E+09,5.21E+09,281635,280693,278083,274711,264657,258868,253575,241397,430,654.9651,1.0015,0
Brunei Darussalam,Asia,179080099.3,4928824958,3520551724,6001153306,13707370737,12930394938,13469422959,449002,441725,421437,396053,333926,261928,187921,133343,5765,77.8841,1.0081,0.01
Bhutan,Asia,NA,135653295.2,299787275.8,424464089.9,1547991318,2003598213,2530547158,782455,772506,743274,705516,587207,558442,415257,298894,38394,20.3796,1.0064,0.01
Botswana,Africa,96245114.46,1060923829,3790567052,5788329609,12786654498,14420593484,18340480936,2630296,2546402,2305171,2091664,1726985,1341474,938578,592244,582000,4.5194,1.0162,0.03
Central African Republic,Africa,189106554.5,797048028.8,1440711396,914500299.1,2142591376,1695825708,2220307369,5579144,5343020,4819333,4660067,3759170,2809221,2415276,2067356,622984,8.9555,1.0224,0.07
Canada,North America,87896095320,2.74E+11,5.94E+11,7.42E+11,1.61E+12,1.56E+12,1.74E+12,38454327,37888705,35732126,33963412,30683313,27657204,24511510,21434577,9984670,3.8513,1.0078,0.48
Switzerland,Europe,24274075006,1.19E+11,2.58E+11,2.72E+11,5.84E+11,6.80E+11,7.03E+11,8740472,8638613,8281732,7822435,7182059,6711693,6319113,6181227,41284,211.7157,1.0056,0.11
Chile,South America,9126309735,29036709872,33113887818,77860932152,2.19E+11,2.44E+11,2.82E+11,19603733,19300315,17870124,17004162,15351799,13342868,11469828,9820481,756102,25.9274,1.0057,0.25
China,Asia,92602973434,1.91E+11,3.61E+11,1.21E+12,6.09E+12,1.11E+13,1.43E+13,1425887337,1424929781,1393715448,1348191368,1264099069,1153704252,982372466,822534450,9706961,146.8933,1,17.88
Cote d'Ivoire,Africa,1455482990,10175615442,10795850107,10717022463,24908781285,45814637971,58539424930,28160542,26811790,23596741,21120042,16799670,11910540,8303809,5477086,322463,87.3295,1.0248,0.35
Cameroon,Africa,1160002261,6740756569,11151578051,10083937740,26169323293,30928653814,39007354359,27914536,26491087,23012646,19878036,15091594,11430520,8519891,6452787,475442,58.7128,1.0263,0.35
"Congo, Dem. Rep.",Africa,4877684910,14394927495,9349764580,19088046306,21565720044,37917704900,50400746171,99010212,92853164,78656904,66391257,48616317,35987541,26708686,20151733,2344858,42.2244,1.0325,1.24
"Congo, Rep.",Africa,274960699.9,1705796850,2798746051,3219910550,13148395202,11953249530,12267392147,5970424,5702174,5064386,4437884,3134030,2385435,1829256,1396989,342000,17.4574,1.0231,0.07
Colombia,South America,7198360460,33400735644,47844090710,99886577331,2.87E+11,2.93E+11,3.24E+11,51874024,50930662,47119728,44816108,39215135,32601393,26176195,20905254,1141748,45.4339,1.0069,0.65
Comoros,Africa,NA,212218226.4,429622147.7,350264287.7,907978723.5,966029542,1165839927,836774,806166,730216,656024,536758,431119,328328,242351,1862,449.3953,1.0184,0.01
Cabo Verde,Africa,NA,142246875.5,306891107.3,539227277.6,1664310770,1596800287,1981845740,593149,582640,552166,521212,458251,364563,317234,287262,4033,147.0739,1.0089,0.01
Costa Rica,North America,984830158.5,4831447001,5711687787,14949514493,37268614024,54775994479,61801385049,5180829,5123105,4895242,4622252,3979193,3158253,2414303,1855697,51100,101.3861,1.0052,0.06
Cuba,North America,5693005200,19912889861,28645436569,30565400000,6.43E+10,8.71E+10,NA,11212191,11300698,11339894,11290417,11105791,10626680,9809107,8869636,109884,102.0366,0.9961,0.14
Curacao,North America,NA,NA,NA,NA,NA,3151910782,3101787709,191163,189288,169572,159380,141424,155446,156851,150385,444,430.5473,1.0043,0
Cayman Islands,North America,NA,NA,NA,NA,4156990816,4708336756,NA,68706,67311,60911,54074,39658,26027,17100,10533,264,260.25,1.0084,0
Cyprus,Europe,NA,2154311277,5591130218,9985844486,25732432719,19842404305,24948935408,1251488,1237537,1187280,1129686,948237,788500,679327,640804,9251,135.2814,1.0059,0.02
Czech Republic,Europe,NA,NA,40728950705,61828166496,2.09E+11,1.88E+11,2.51E+11,10493986,10530953,10523798,10464749,10234710,10301192,10270060,9795744,78865,133.0627,0.9984,0.13
Germany,Europe,2.16E+11,9.50E+11,1.77E+12,1.94E+12,3.40E+12,3.36E+12,3.86E+12,83369843,83328988,82073226,81325090,81551677,79370196,77786703,78294583,357114,233.4544,0.9995,1.05
Djibouti,Africa,NA,NA,452328087.3,551230861.9,1128611700,2430287967,3324634256,1120849,1090156,1006259,919199,742033,577173,324121,144379,23200,48.3125,1.0138,0.01
Dominica,North America,NA,72804653.33,201428730,333468888.9,493825925.9,540737037,582403703.7,72737,71995,70007,68755,68346,69481,72978,68895,751,96.8535,1.0045,0
Denmark,Europe,17075457600,71127528700,1.38E+11,1.64E+11,3.22E+11,3.03E+11,3.50E+11,5882261,5825641,5677796,5550849,5340655,5144623,5125392,4922963,43094,136.4984,1.0048,0.07
Dominican Republic,North America,1485500000,6761300000,7073675545,24305116729,53860175557,71164825258,88941299734,11228821,10999664,10405832,9775755,8540791,7129004,5755800,4475871,48671,230.7087,1.01,0.14
Algeria,Africa,4863487493,42345277342,62045099643,54790233856,1.61E+11,1.66E+11,1.71E+11,44903225,43451666,39543154,35856344,30774621,25518074,18739378,13795915,2381741,18.8531,1.0164,0.56
Ecuador,South America,2862504170,17881514683,15239278100,18327764882,69555367000,99290381000,1.07E+11,18001000,17588595,16195902,14989585,12626507,10449837,8135845,6172215,276841,65.0229,1.0114,0.23
"Egypt, Arab Rep.",Africa,8042200452,21669908177,42978914311,99838543960,2.19E+11,3.29E+11,3.03E+11,110990103,107465134,97723799,87252413,71371371,57214630,43748556,34781986,1002450,110.7188,1.0158,1.39
Eritrea,Africa,NA,NA,NA,706370815.6,1589515447,NA,NA,3684032,3555868,3340006,3147727,2392880,2149960,1657982,1272748,117600,31.3268,1.0176,0.05
Spain,Europe,40992995008,2.33E+11,5.37E+11,5.97E+11,1.42E+12,1.20E+12,1.39E+12,47558630,47363807,46431342,46572772,40741651,38889889,37491666,33792617,505992,93.9909,1.0015,0.6
Estonia,Europe,NA,NA,NA,5694069842,19693608289,23048864243,31471100656,1326062,1329444,1314657,1331535,1396877,1570674,1476983,1361999,45227,29.3201,0.998,0.02
Ethiopia,Africa,NA,NA,12175166763,8242392104,29933790334,64589334979,95912590628,123379924,117190911,102471895,89237791,67031867,47878073,34945469,28308246,1104300,111.7268,1.0257,1.55
Finland,Europe,11357516988,53645202423,1.41E+11,1.26E+11,2.49E+11,2.34E+11,2.69E+11,5540745,5529468,5479461,5363271,5176209,4986545,4779418,4606621,338424,16.3722,1.0009,0.07
Fiji,Oceania,219878482.2,1202567359,1337024782,1684109743,3140508836,4682546881,5496250694,929766,920422,917200,905169,832509,780430,644582,527634,18272,50.8847,1.0056,0.01
France,Europe,1.48E+11,7.01E+11,1.27E+12,1.36E+12,2.64E+12,2.44E+12,2.72E+12,64626628,64480053,63809769,62444567,58665453,56412897,53713830,50523586,551695,117.1419,1.0015,0.81
Faroe Islands,Europe,NA,NA,NA,1058702725,2320424601,2518096286,NA,53090,52415,48816,48410,45660,47479,43054,38416,1393,38.112,1.0038,0
"Micronesia, Fed. Sts.",Oceania,NA,NA,147200000,233271800,296944100,316489900,NA,114164,112106,109462,107588,111709,98603,76299,58989,702,162.6268,1.0091,0
Gabon,Africa,323802475.5,4279637934,5952293766,5067865321,14372591916,14383107714,16874450215,2388992,2292573,2028517,1711105,1272935,983028,749078,597192,267668,8.9252,1.0204,0.03
United Kingdom,Europe,1.31E+11,5.65E+11,1.09E+12,1.66E+12,2.48E+12,2.93E+12,2.83E+12,67508936,67059474,65224364,62760039,58850043,57210442,56326328,55650166,242900,277.9289,1.0034,0.85
Georgia,Asia,NA,NA,7753501868,3057475289,12243505583,14953950557,17477255546,3744385,3765912,3771132,3836831,4265172,5391636,5145843,4800426,69700,53.7214,0.9964,0.05
Ghana,Africa,2215029450,4445228216,5889174825,4983024408,32197272797,48564863888,66983634224,33475870,32180401,28870939,25574719,19665502,15446982,11865246,8861895,238533,140.3406,1.0196,0.42
Gibraltar,Europe,NA,NA,NA,NA,NA,NA,NA,32649,32709,32520,31262,27741,27317,28734,26685,6,5441.5,0.9994,0
Guinea,Africa,NA,NA,2666616177,2995360969,6853467858,8794202444,12296665331,13859341,13205153,11625998,10270728,8336967,6354145,4972609,4222374,245857,56.3716,1.0242,0.17
"Gambia, The",Africa,52296836.75,241080708.9,317083373.5,782915402.4,1543292393,1378176868,1826073740,2705992,2573995,2253133,1937275,1437539,1040616,718586,528731,10689,253.1567,1.025,0.03
Guinea-Bissau,Africa,78733594.84,110653830.7,243961995.5,370173838.7,849878424.2,1048229629,1339449165,2105566,2015828,1788919,1567220,1230849,973551,831462,591663,36125,58.2856,1.0218,0.03
Equatorial Guinea,Africa,66331428.57,50642880.77,112119406.5,1045998496,16314442183,13185496836,11026774945,1674908,1596049,1346973,1094524,684977,465549,282509,316955,28051,59.7094,1.0247,0.02
Greece,Europe,13139863636,56829664269,97891092003,1.30E+11,2.99E+11,1.97E+11,2.10E+11,10384971,10512232,10806641,11033783,11038109,10302255,9307148,8544873,131990,78.68,0.9942,0.13
Grenada,North America,NA,110900457,278098763,520044370.4,771013259.3,997007925.9,1210603704,125438,123663,118980,114039,107432,99047,94838,98794,344,364.6453,1.0066,0
Greenland,North America,69520026.67,476055288.4,1018970365,1068030830,2503156061,2499115623,NA,56466,56026,55895,56351,56184,55599,50106,45434,2166086,0.0261,1.004,0
Guatemala,North America,1.90E+09,7878700000,7650125217,19288827159,41338008613,62186186576,76710355347,17843908,17362718,16001107,14543121,11735894,9084780,6987767,5453208,108889,163.8725,1.0134,0.22
Guam,Oceania,NA,NA,NA,NA,4.90E+09,5.71E+09,NA,171774,169231,167978,164905,160188,138263,110286,88300,549,312.8852,1.0073,0
Guyana,South America,267800000,603200000,396582263.3,712667896.7,3432913353,4279840362,5173759528,808726,797202,755031,747932,759051,747116,778176,705261,214969,3.7621,1.0052,0.01
"Hong Kong SAR, China",Asia,3800766536,28861759209,76928290842,1.72E+11,2.29E+11,3.09E+11,3.66E+11,7488865,7500958,7399838,7132438,6731195,5838574,4978544,3955072,1104,6783.3922,0.9992,0.09
Honduras,North America,7.23E+08,3968160046,4923009552,7103507989,15839344592,20979767785,25095395475,10432860,10121763,9294505,8450933,6656725,5053234,3777990,2782753,112492,92.7431,1.015,0.13
Croatia,Europe,NA,NA,NA,21633671681,59918313669,49525747504,60752588976,4030358,4096868,4254815,4368682,4548434,4873707,4680144,4492638,56594,71.2153,0.9927,0.05
Haiti,North America,331200000,1383800000,3096289800,6868666120,11661585823,14857386164,14332163266,11584996,11306801,10563757,9842880,8360225,6925331,5646676,4680812,27750,417.4773,1.012,0.15
Hungary,Europe,NA,NA,NA,47218405892,1.32E+11,1.25E+11,1.63E+11,9967308,9750573,9844246,9986825,10202055,10375989,10698679,10315366,93028,107.1431,1.0265,0.12
Indonesia,Asia,9150684932,72482337370,1.06E+11,1.65E+11,7.55E+11,8.61E+11,1.12E+12,275501339,271857970,259091970,244016173,214072421,182159874,148177096,115228394,1904569,144.6529,1.0064,3.45
Isle of Man,Europe,NA,NA,NA,1563667800,5920177689,7085288006,NA,84519,84046,83593,83828,75562,68865,64022,55298,572,147.7605,1.003,0
India,Asia,62422483055,1.86E+11,3.21E+11,4.68E+11,1.68E+12,2.10E+12,2.87E+12,1417173173,1396387127,1322866505,1240613620,1059633675,870452165,696828385,557501301,3287590,431.0675,1.0068,17.77
Ireland,Europe,4401258741,21773901926,49364680214,99852958356,2.22E+11,2.92E+11,3.89E+11,5023109,4946119,4665760,4524585,3768950,3485374,3391387,2937637,70273,71.4799,1.0073,0.06
"Iran, Islamic Rep.",Asia,10976245154,94362275580,1.25E+11,1.10E+11,4.87E+11,3.85E+11,NA,88550570,87290193,81790841,75373855,65544383,55793629,38520664,28449705,1648195,53.7258,1.0071,1.11
Iraq,Asia,3281713806,53405689130,1.80E+11,NA,1.38E+11,1.77E+11,2.34E+11,44496122,42556984,37757813,31264875,24628858,17658381,13653369,9811347,438317,101.5158,1.0221,0.56
Iceland,Europe,527496590.9,3386502001,6478459744,9003639603,13683689693,17389101639,24188038474,372899,366669,331060,318333,281462,255019,228263,204468,103000,3.6204,1.0069,0
Israel,Asia,7073333333,24248823529,59217144629,1.32E+11,2.34E+11,3.00E+11,3.95E+11,9038309,8757489,8007778,7328445,6116958,4803254,3744608,2907307,20770,435.1617,1.0155,0.11
Italy,Europe,1.13E+11,4.77E+11,1.18E+12,1.14E+12,2.13E+12,1.84E+12,2.00E+12,59037474,59500579,60232906,59822450,56966397,56756561,56329482,53324036,301336,195.9191,0.9966,0.74
Jamaica,North America,1404776071,2679409453,4592224067,8985352832,13220556883,14187696311,16458071068,2827377,2820436,2794445,2733896,2612205,2392030,2135546,1859091,10991,257.2447,0.9999,0.04
Jordan,Asia,639596751.6,3910036925,4160003917,8460424401,27133804244,38587017944,44502895862,11285869,10928721,9494246,6931258,5056174,3480587,2216903,1557374,89342,126.3221,1.0123,0.14
Japan,Asia,2.13E+11,1.11E+12,3.13E+12,4.89E+12,5.70E+12,4.39E+12,5.08E+12,123951692,125244761,127250933,128105431,126803861,123686321,117624196,105416839,377930,327.9753,0.9947,1.55
Kazakhstan,Asia,NA,NA,26932728899,18291990619,1.48E+11,1.84E+11,1.82E+11,19397998,18979243,17835909,16627837,15236253,16866563,14172710,12265305,2724900,7.1188,1.0105,0.24
Kenya,Africa,1603447357,7265315332,8572359163,12705357103,40000088347,64007750169,95503088538,54027487,51985780,46851488,41517895,30851606,23162269,16187124,11473087,580367,93.0919,1.0193,0.68
Kyrgyz Republic,Asia,NA,NA,2.68E+09,1369688498,4794357795,6678178340,8454619608,6630623,6424874,5914980,5483774,4935182,4394734,3691209,3016384,199951,33.1612,1.0158,0.08
Cambodia,Asia,718401157.7,NA,NA,3677897739,11242275199,18049954289,27089389787,16767842,16396860,15417523,14363532,12118841,8910808,6198959,6708525,181035,92.6221,1.0108,0.21
Kiribati,Oceania,14295279.54,38715554.54,39809538.68,67254174.4,156120895.2,171117872.4,194647201.9,131232,126463,116707,107995,88826,75124,60813,57437,811,161.815,1.0183,0
St. Kitts and Nevis,North America,16300000,68459259.26,217259259.3,421473325.2,760170370.4,923155555.6,1053244444,47657,47642,47790,47403,45461,40636,43097,44968,261,182.5939,1.0011,0
"Korea, Rep.",Asia,9005023184,65398646758,2.83E+11,5.76E+11,1.14E+12,1.47E+12,1.65E+12,51815810,51844690,50994401,48813042,46788591,44120039,38170501,32601143,100210,517.0722,0.9997,0.65
Kuwait,Asia,2873984878,28638550499,18427777778,37712842243,1.15E+11,1.15E+11,1.35E+11,4268873,4360444,3908743,2943356,1934901,1674938,1493870,802786,17818,239.5821,1.0044,0.05
Lao PDR,Asia,NA,NA,865559856.2,1731198022,7127792630,14390442307,18173839147,7529475,7319399,6787419,6323418,5430853,4314443,3297519,2675283,236800,31.7968,1.0141,0.09
Lebanon,Asia,NA,NA,2838485354,17260364842,38443907042,49939374833,51991634492,5489739,5662923,6398940,4995800,4320642,3593700,2963702,2381791,10452,525.2334,0.9816,0.07
Liberia,Africa,NA,NA,NA,8.74E+08,2.00E+09,3.18E+09,3070518100,5302681,5087584,4612329,4019956,2895224,2209731,1932169,1463563,111369,47.6136,1.021,0.07
Libya,Africa,NA,NA,28901836158,38270206950,74773444901,27842131480,52091152228,6812341,6653942,6192235,6491988,5154790,4236983,2962720,1909177,1759540,3.8717,1.0114,0.09
St. Lucia,North America,NA,170370370.4,579629629.6,932592592.6,1486758037,1808079889,2122450630,179857,179237,175623,170935,159500,142301,121633,103090,616,291.9756,1.0011,0
Liechtenstein,Europe,90098330.67,534701915.6,1421466240,2483953103,5082366478,6268391521,NA,39327,38756,37355,35926,33026,28765,25003,21089,160,245.7937,1.0074,0
Sri Lanka,Asia,2296470588,4024621900,8032551173,16330814180,56725749222,80604080689,84008783756,21832143,21715079,21336697,20668557,18776371,17204094,14943645,12388769,65610,332.7563,1.0027,0.27
Lesotho,Africa,68738625.23,431561376.5,596415104.5,887295267.9,2269525779,2372280103,2376328637,2305825,2254100,2118521,2022747,1998630,1798997,1407672,1023481,30355,75.962,1.0107,0.03
Lithuania,Europe,NA,NA,NA,11524776867,37138464733,41418872976,54627411860,2750055,2820267,2963765,3139019,3599637,3785847,3521206,3210147,65300,42.1142,0.9869,0.03
Luxembourg,Europe,1509155305,6232005794,13229247948,21263514833,53212476812,57744457955,71104919108,647599,630399,569408,507070,435628,381267,363741,339342,2586,250.425,1.0129,0.01
Latvia,Europe,NA,NA,NA,7949253766,23877564356,27239653844,34102913582,1850651,1897052,1991955,2101530,2392530,2689391,2572037,2397414,64559,28.666,0.9876,0.02
"Macao SAR, China",Asia,NA,NA,3220920085,6720492406,28123640999,45361678147,53859116536,695168,676283,615239,557297,431896,350227,245332,247284,30,23172.2667,1.0125,0.01
St. Martin (French part),North America,NA,NA,NA,NA,NA,NA,NA,31791,32552,35020,36458,29610,28127,7776,5802,53,599.8302,0.9951,0
Morocco,Africa,3956328426,21728770055,30180108562,38857251336,93216746662,1.01E+11,1.20E+11,37457971,36688772,34680458,32464865,28554415,24570814,19678444,15274351,446550,83.883,1.0103,0.47
Monaco,Europe,293073868,1378130996,2481316054,2647883816,5367625613,6261622101,NA,36469,36922,36760,33178,32465,30329,27076,24270,2,18234.5,0.9941,0
Moldova,Europe,NA,NA,NA,1288429392,6974960345,7745231660,11968713370,3272996,3084847,3277388,3678186,4251573,4480199,4103240,3711140,33846,96.7026,1.0691,0.04
Madagascar,Africa,1111859570,5201818349,3931334871,4629247091,9982711030,11323023787,14114631281,29611714,28225177,24850912,21731053,16216431,11882762,8948162,6639751,587041,50.4423,1.0241,0.37
Maldives,Asia,NA,42463576.16,215089005.2,624337145.3,2588176055,4109447297,5642179170,523787,514438,435582,361575,282507,224957,164887,123243,300,1745.9567,1.0045,0.01
Mexico,North America,3.55E+10,2.05E+11,2.61E+11,7.08E+11,1.06E+12,1.17E+12,1.27E+12,127504125,125998302,120149897,112532401,97873442,81720428,67705186,50289306,1964375,64.9082,1.0063,1.6
Marshall Islands,Oceania,NA,NA,78476000,115347500,162164700,184599600,NA,41569,43413,49410,53416,54224,46047,31988,23969,181,229.663,0.9886,0
North Macedonia,Europe,NA,NA,4699646643,3772851420,9407168702,10064515432,12547040499,2093599,2111072,2107962,2093828,2037936,2044174,1907023,1656783,25713,81.4218,0.9954,0.03
Mali,Africa,359772363.3,1759690812,2681912030,2954129566,10689167195,13104802016,17279566719,22593590,21224040,18112907,15529181,11239101,8945026,7372581,6153587,1240192,18.2178,1.0314,0.28
Malta,Europe,250721821.6,1250242108,2547163582,4069515557,9035932178,11091434435,14989415684,533286,515357,456579,418755,399212,365392,333587,315414,316,1687.6139,1.0124,0.01
Myanmar,Asia,NA,NA,NA,8905066164,49540813342,67822772707,76085852617,54179306,53423198,51483949,49390988,45538332,40099553,33465781,27284112,676578,80.0784,1.0071,0.68
Montenegro,Europe,NA,NA,NA,984297589.4,4142931813,4053097851,5542577965,627082,629048,633966,631044,633324,621442,589324,530268,13812,45.4012,0.9988,0.01
Mongolia,Asia,NA,NA,2560785660,1136896124,7189481824,11749620620,13996719329,3398366,3294335,2964749,2702520,2450979,2161433,1697780,1293880,1564110,2.1727,1.0151,0.04
Mozambique,Africa,NA,NA,NA,5656473652,11104648673,15950969019,15291448212,32969517,31178239,26843246,23073723,17768505,13303459,11413587,8411676,801590,41.1302,1.0278,0.41
Mauritania,Africa,309405316.1,1047924649,1506914408,1779521110,5628882266,6166857629,7600656944,4736139,4498604,3946220,3419461,2695003,2006027,1506694,1122198,1030700,4.5951,1.0263,0.06
Mauritius,Africa,NA,1131788192,2653480001,4663313620,10003670690,11692287066,14048430519,1299469,1297828,1293153,1283330,1215930,1090290,954865,830115,2040,636.9946,1.0004,0.02
Malawi,Africa,290531621.3,1237655461,1880771556,1743506531,6959655571,6373212641,7666704427,20405317,19377061,16938942,14718422,11229387,9539665,6267369,4625141,118484,172.22,1.0259,0.26
Malaysia,Asia,3864170913,24488033442,44024178343,93789736842,2.55E+11,3.01E+11,3.65E+11,33938221,33199993,31068833,28717731,22945150,17517054,13215707,10306508,330803,102.5934,1.0109,0.43
Namibia,Africa,NA,2422096075,2785764518,3833993703,11268186636,11272143473,12366528259,2567012,2489098,2282704,2099271,1819141,1369011,975994,754467,825615,3.1092,1.0146,0.03
New Caledonia,Oceania,358815681.9,1182457143,2529310104,2682347064,NA,NA,NA,289950,286403,283032,261426,221537,177264,148599,110982,18575,15.6097,1.0075,0
Niger,Africa,649916708.2,2508524186,3512356353,2236185390,7851191899,9685577941,12911689659,26207977,24333639,20128124,16647543,11622665,8370647,6173177,4669708,1267000,20.6851,1.0378,0.33
Nigeria,Africa,12545849083,64201788123,54035795388,69448756933,3.61E+11,4.87E+11,4.48E+11,218541212,208327405,183995785,160952853,122851984,95214257,72951439,55569264,923768,236.5759,1.0241,2.74
Nicaragua,North America,776585681.1,2189347368,1009455484,5107329007,8758639096,12756706583,12520915291,6948392,6755895,6298598,5855734,5123222,4227820,3303309,2444767,130373,53.2962,1.0143,0.09
Netherlands,Europe,38164716625,1.95E+11,3.18E+11,4.16E+11,8.47E+11,7.65E+11,9.07E+11,17564014,17434557,17041107,16617116,15899135,14944548,14130387,13037686,41850,419.6897,1.0036,0.22
Norway,Europe,12814123115,64439382896,1.20E+11,1.71E+11,4.29E+11,3.86E+11,4.03E+11,5434319,5379839,5190356,4889741,4491202,4241636,4085776,3875546,323802,16.7828,1.0058,0.07
Nepal,Asia,865975308.6,1945916583,3627562403,5494252208,16002656434,21410840909,30641380604,30547580,29348627,27610325,27161567,24559500,19616530,15600442,12501285,147181,207.5511,1.0171,0.38
Nauru,Oceania,NA,NA,NA,NA,47564520.39,86779266.16,118223430.1,12668,12315,11185,10241,10377,9598,7635,6663,21,603.2381,1.0125,0
New Zealand,Oceania,6623527831,23244547385,45495129385,52623281957,1.47E+11,1.77E+11,2.07E+11,5185288,5061133,4590590,4346338,3855266,3397389,3147168,2824061,270467,19.1716,1.0108,0.07
Oman,Asia,256299496,5981760278,11685045514,19507452508,56913065779,68399663322,76331518669,4576298,4543399,4191776,2881914,2344253,1804524,1017462,670693,309500,14.7861,1.0123,0.06
Pakistan,Asia,10027509450,23654444444,40010423970,82017743416,1.77E+11,2.71E+11,2.78E+11,235824862,227196741,210969298,194454498,154369924,115414069,80624057,59290872,881912,267.4018,1.0191,2.96
Panama,North America,1351006400,4614086400,6433967000,12304115000,29440300000,54091700000,66800800000,4408581,4294396,3957099,3623617,3001731,2449968,1956987,1516188,75417,58.4561,1.0132,0.06
Peru,South America,7432223177,18134029180,26410386669,51744749133,1.48E+11,1.90E+11,2.27E+11,34049588,33304756,30711863,29229572,26654439,22109099,17492406,13562371,1285216,26.4933,1.0099,0.43
Philippines,Asia,6687204834,32450541843,44311593756,83670261708,2.08E+11,3.06E+11,3.77E+11,115559009,112190977,103031365,94636700,77958223,61558898,48419546,37435586,342353,337.5434,1.0147,1.45
Palau,Oceania,NA,NA,NA,146297500,185943000,280457700,268354919.4,18055,17972,17794,18540,19726,15293,12252,11366,459,39.3355,1.0017,0
Papua New Guinea,Oceania,645537126.2,2545983008,3219730365,3521339699,14250755222,21723531182,24829107011,10142619,9749640,8682174,7583269,5508297,3864972,3104788,2489059,462840,21.9139,1.0194,0.13
Poland,Europe,NA,NA,65977749037,1.72E+11,4.80E+11,4.78E+11,5.96E+11,39857145,38428366,38553146,38597353,38504431,38064255,35521429,32482943,312679,127.4698,1.0404,0.5
Puerto Rico,North America,5034700000,14436100000,30603919000,61701800000,98381300000,1.03E+11,1.05E+11,3252407,3271564,3497335,3717922,3827108,3543776,3214568,2737619,8870,366.675,0.9989,0.04
"Korea, Dem. Peopleâ€™s Rep.",Asia,NA,NA,NA,NA,NA,NA,NA,26069416,25867467,25258015,24686435,23367059,20799523,17973650,14996879,120538,216.2755,1.0038,0.33
Portugal,Europe,8108235704,32896519824,78713860217,1.18E+11,2.38E+11,1.99E+11,2.39E+11,10270865,10298192,10365435,10588401,10300626,10007346,9785252,8683631,92090,111.5307,0.9981,0.13
Paraguay,South America,594611111.1,4448087302,5812114523,8855705140,27215968616,36164068797,38145288940,6780744,6618695,6177950,5768613,5123819,4059195,3078912,2408787,406752,16.6705,1.0115,0.09
West Bank and Gaza,Asia,NA,NA,NA,4313600000,9681500000,13972400000,NA,5250072,5019401,4484614,3992278,3139954,2124609,1453620,1118241,6220,844.063,1.0227,0.07
French Polynesia,Oceania,254035999.2,1362151524,3181206305,3447543138,NA,NA,NA,306279,301920,291787,283788,250927,211089,163591,117891,4167,73.5011,1.0074,0
Qatar,Asia,301791301.8,7829094613,7360439423,17759890110,1.25E+11,1.62E+11,1.76E+11,2695122,2760385,2414573,1713504,645937,441675,277450,118007,11586,232.6189,1.0026,0.03
Romania,Europe,NA,NA,38995454545,37253259017,1.66E+11,1.78E+11,2.50E+11,19659267,19442038,19906079,20335211,21919876,22836234,22125224,19922618,238391,82.4665,1.0171,0.25
Russian Federation,Europe,NA,NA,5.17E+11,2.60E+11,1.52E+12,1.36E+12,1.70E+12,144713314,145617329,144668389,143242599,146844839,148005704,138257420,130093010,17098242,8.4636,0.9973,1.81
Rwanda,Africa,219900006,1254765350,2550185618,2068929592,6124120673,8545441361,10354417725,13776698,13146362,11642959,10309031,8109989,7319962,5247532,3896367,26338,523.0731,1.0234,0.17
Saudi Arabia,Asia,5377268849,1.65E+11,1.18E+11,1.90E+11,5.28E+11,6.54E+11,7.93E+11,36408820,35997107,32749848,29411929,21547390,16004763,10171710,6106191,2149690,16.9368,1.0128,0.46
Sudan,Africa,2437666667,7459833333,12408647541,12257418326,58167563413,74294508240,30513456085,46874204,44440486,38171178,33739933,26298773,21090886,16673586,11305206,1886068,24.8529,1.0267,0.59
Senegal,Africa,1297407829,4435050397,7237100724,5924239701,16230887978,17774766636,23578084052,17316449,16436119,14356181,12530121,9704287,7536001,5703869,4367744,196722,88.025,1.0261,0.22
Singapore,Asia,1920586698,11896256783,36144336769,96074477958,2.40E+11,3.08E+11,3.72E+11,5975689,5909869,5650018,5163590,4053602,3022209,2400729,2061831,710,8416.4634,1.0058,0.07
Solomon Islands,Oceania,NA,177151120.8,208003796.3,429169368.6,846797693.6,1307061544,1589913622,724273,691191,612660,540394,429978,324171,233668,172833,28896,25.0648,1.0232,0.01
Sierra Leone,Africa,434410373.8,1100685845,649644826.8,635874002.2,2578026297,4218723875,4121733705,8605718,8233969,7314773,6436698,4584067,4325388,3367477,2778557,71740,119.957,1.022,0.11
El Salvador,North America,1132920000,3573959900,4817542204,11784927700,18447920000,23438240000,27022640000,6336392,6292731,6231066,6114034,5958482,5367179,4508992,3619090,21041,301.145,1.0035,0.08
San Marino,Europe,NA,NA,NA,1005159388,1881214371,1419394771,NA,33660,34007,33570,31608,26823,23132,21346,18169,61,551.8033,0.9975,0
Somalia,Africa,322600009.1,603592656.8,917044228,NA,NA,NA,NA,17597511,16537016,13763906,12026649,8721465,6999096,5892224,3720977,637657,27.5971,1.0312,0.22
Serbia,Europe,NA,NA,NA,6875845987,41819468692,39655958843,51475016532,7221365,7358005,7519496,7653748,7935022,7987529,7777010,7193533,88361,81.7257,0.9897,0.09
South Sudan,Africa,NA,NA,NA,NA,14602072411,11997800760,NA,10913164,10606227,11194299,9714419,6114440,4750817,4192011,3342410,619745,17.6091,1.0153,0.14
Sao Tome and Principe,Africa,NA,NA,NA,NA,196652166.3,316065369.9,418637389,227380,218641,201124,182138,143714,120343,97210,77583,964,235.8714,1.0192,0
Suriname,South America,274900000,7.95E+08,388400000,947671969.7,4368398048,4787367928,3697371950,618040,607065,575475,546080,478998,412756,375112,379918,163820,3.7727,1.0082,0.01
Slovak Republic,Europe,NA,NA,12747380650,29169953013,90310718349,88467555244,1.05E+11,5643453,5456681,5424444,5396424,5376690,5261305,4973883,4522867,49037,115.0856,1.0359,0.07
Slovenia,Europe,NA,NA,18198199153,20289627637,48161250405,43090173395,54174227309,2119844,2117641,2080862,2057286,1984339,1986024,1901570,1741286,20273,104.5649,1.0002,0.03
Sweden,Europe,38092452061,1.42E+11,2.62E+11,2.63E+11,4.96E+11,5.05E+11,5.31E+11,10549347,10368969,9849349,9381729,8871043,8548406,8311763,8027702,450295,23.4276,1.0079,0.13
Eswatini,Africa,112137757.2,542000513.6,1114703088,1738100853,4438778547,4062660890,4471598727,1201670,1180655,1133936,1099920,1030496,854011,598564,442865,17364,69.2047,1.0079,0.02
Sint Maarten (Dutch part),North America,NA,NA,NA,NA,NA,1253072626,NA,44175,43621,40205,33034,30489,27845,12243,6260,34,1299.2647,1.003,0
Seychelles,Africa,18432031.36,147357222.8,368584758.9,614879764.8,969936525.3,1377495054,1703387387,107118,105530,99240,92409,80060,71057,65290,54379,452,236.9867,1.0061,0
Syrian Arab Republic,Asia,2140383696,13062421025,12308624284,19325894913,NA,NA,NA,22125249,20772595,19205178,22337563,16307654,12408996,8898954,6319199,185180,119.4797,1.0376,0.28
Turks and Caicos Islands,North America,NA,NA,NA,NA,686787800,942070000,1197415000,45703,44276,36538,29726,18744,11709,7598,5665,948,48.2099,1.0131,0
Chad,Africa,469266736.6,1033002402,1738605558,1385058162,10668102735,10950392220,11314951343,17723315,16644701,14140274,11894727,8259137,5827069,4408230,3667394,1284000,13.8032,1.0316,0.22
Togo,Africa,253976626.2,1136408814,1628427515,1488185772,3429461495,4180866177,5490272413,8848699,8442580,7473229,6571855,5008035,3875947,2838110,2197383,56785,155.8281,1.0236,0.11
Thailand,Asia,7086538438,32353440727,85343063966,1.26E+11,3.41E+11,4.01E+11,5.44E+11,71697030,71475664,70294397,68270489,63066603,55228410,45737753,35791728,513120,139.7276,1.0013,0.9
Tajikistan,Asia,NA,NA,2629395066,860521119.3,5642178580,7854602392,8116626794,9952787,9543207,8524063,7621779,6272998,5417860,4045965,2993019,143100,69.5513,1.0208,0.12
Turkmenistan,Asia,NA,NA,3189539641,2904662605,22583157895,35799714286,NA,6430770,6250438,5766431,5267970,4569132,3720278,2862903,2201432,488100,13.1751,1.014,0.08
Timor-Leste,Asia,NA,NA,NA,367087900,881826900,1594410800,2017924900,1341296,1299995,1205813,1088486,878360,758106,642224,554021,14874,90.1772,1.0154,0.02
Tonga,Oceania,NA,53260077.43,113563821.6,204849594.9,366840012.4,437006227.2,512350059.4,106858,105254,106122,107383,102603,98727,96708,86484,747,143.0495,1.0079,0
Trinidad and Tobago,North America,821850000,6235833333,5.07E+09,8154338233,22157948396,25062893969,24269714810,1531044,1518147,1460177,1410296,1332203,1266518,1127852,988890,5130,298.4491,1.0035,0.02
Tunisia,Africa,1439238095,8744134354,12290568182,21473188882,44050929160,43173480832,38796687568,12356117,12161723,11557779,10895063,9893316,8440023,6578156,5047404,163610,75.5218,1.0076,0.15
Turkey,Asia,17086956522,68789289566,1.51E+11,2.74E+11,7.77E+11,8.64E+11,7.61E+11,85341241,84135428,79646178,73195345,64113547,54324142,44089069,35540990,783562,108.9145,1.0067,1.07
Tuvalu,Oceania,NA,NA,8824447.74,13742057.05,31823518.62,35492074.22,47271463.33,11312,11069,10877,10550,9638,9182,7731,5814,26,435.0769,1.0096,0
Tanzania,Africa,NA,NA,4258743263,13375976354,32014249841,47378599025,63177068175,65497748,61704518,52542823,45110527,34463704,26206012,19297659,13618192,945087,69.3034,1.03,0.82
Uganda,Africa,1260084034,1244610000,4304398866,6193246837,26558906014,32248116584,35165157017,47249585,44404611,37477356,32341728,24020697,17586630,13284026,10317212,241550,195.61,1.0304,0.59
Ukraine,Europe,NA,NA,81456918679,31261527363,1.36E+11,91030959455,1.54E+11,39701739,43909666,44982564,45683020,48879755,51589817,49973920,47279086,603500,65.7858,0.912,0.5
Uruguay,South America,2137096774,10163020116,9298839655,22823255803,40284481653,53274304222,56045912953,3422794,3429086,3402818,3352651,3292224,3117012,2953750,2790265,181034,18.9069,0.999,0.04
United States,North America,1.07E+12,2.86E+12,5.96E+12,1.03E+13,1.50E+13,1.82E+13,2.14E+13,338289857,335942003,324607776,311182845,282398554,248083732,223140018,200328340,9372610,36.0935,1.0038,4.24
Uzbekistan,Asia,NA,NA,13360607918,13760513969,46679875794,81847410182,57921286440,34627652,33526656,30949417,28614227,24925554,20579100,15947129,12011361,447400,77.3975,1.016,0.43
St. Vincent and the Grenadines,North America,18450000,82340339.63,240365262.6,396261370.4,681225925.9,755400000,824718518.5,103948,104632,106482,109308,113813,112487,107480,98459,389,267.2185,0.9963,0
"Venezuela, RB",South America,11561111111,59116511628,48598315565,1.17E+11,3.93E+11,NA,NA,28301696,28490453,30529716,28715022,24427729,19750579,15210443,11355475,916445,30.882,1.0036,0.35
British Virgin Islands,North America,NA,NA,NA,NA,NA,NA,NA,31305,30910,29366,27556,20104,15617,11109,9581,151,207.3179,1.0059,0
Virgin Islands (U.S.),North America,NA,NA,NA,NA,4.34E+09,3.75E+09,NA,99465,100442,102803,106142,108185,100685,96640,63446,347,286.6427,0.9937,0
Vietnam,Asia,NA,NA,6471740806,31172518403,1.16E+11,1.93E+11,2.62E+11,98186856,96648685,92191398,87411012,79001142,66912613,52968270,41928849,331212,296.4472,1.0074,1.23
Vanuatu,Oceania,NA,121185497.6,168879207.2,272014693.1,700804286.2,759689950.9,934239973.8,326740,311685,276438,245453,192074,150882,118156,87019,12189,26.8061,1.0238,0
Samoa,Oceania,NA,NA,125766269.8,269019710.3,663161517.9,788307330.6,852250191,222382,214929,203571,194672,184008,168186,164905,142771,2842,78.2484,1.0165,0
"Yemen, Rep.",Asia,NA,NA,5647119229,9652436180,30906749533,42450620876,22581081994,33696614,32284046,28516545,24743946,18628700,13375121,9204938,6843607,527968,63.8232,1.0217,0.42
South Africa,Africa,18418392640,82980483391,1.16E+11,1.36E+11,3.75E+11,3.18E+11,3.51E+11,59893885,58801927,55876504,51784921,46813266,39877570,29463549,22368306,1221037,49.0517,1.0084,0.75
Zambia,Africa,1825285714,3829500000,3285217391,3600683040,20265559484,21243339048,23309773923,20017675,18927715,16248230,13792086,9891136,7686401,5720438,4281671,752612,26.5976,1.028,0.25
Zimbabwe,Africa,1884206300,6678868200,8783816700,6689957600,12041655200,19963120600,21440758800,16320537,15669666,14154937,12839771,11834676,10113893,7049926,5202918,390757,41.7665,1.0204,0.2
NA,North America,NA,NA,NA,NA,NA,NA,NA,15857,15585,14525,13172,11047,8316,6560,6283,91,174.2527,1.0066,0
NA,Oceania,NA,NA,NA,NA,NA,NA,NA,17011,17029,17695,17212,15897,17123,17651,20470,236,72.0805,1.0005,0
NA,South America,NA,NA,NA,NA,NA,NA,NA,3780,3747,3408,3187,3080,2332,2240,2274,12173,0.3105,1.0043,0
NA,South America,NA,NA,NA,NA,NA,NA,NA,304557,290969,257026,228453,164351,113931,66825,46484,83534,3.6459,1.0239,0
NA,North America,NA,NA,NA,NA,NA,NA,NA,395752,395642,399089,403072,424067,391951,334234,318310,1628,243.0909,0.9992,0
NA,Europe,NA,NA,NA,NA,NA,NA,NA,63301,62794,61629,60782,59114,57727,52860,52656,78,811.5513,1.0037,0
NA,Europe,NA,NA,NA,NA,NA,NA,NA,110778,108319,100561,96151,86192,82874,75124,68347,116,954.9828,1.0106,0
NA,North America,NA,NA,NA,NA,NA,NA,NA,367507,370391,383515,392181,432543,374271,333786,326428,1128,325.8041,0.9965,0
NA,Africa,NA,NA,NA,NA,NA,NA,NA,326101,305587,249545,211786,159215,92659,52233,35383,374,871.9278,1.0319,0
NA,North America,NA,NA,NA,NA,NA,NA,NA,4390,4500,5059,4938,5138,10805,11452,11402,102,43.0392,0.9939,0
NA,Oceania,NA,NA,NA,NA,NA,NA,NA,1934,1942,1847,1812,2074,2533,3637,5185,260,7.4385,0.9985,0
NA,Oceania,NA,NA,NA,NA,NA,NA,NA,49551,49587,51514,54087,80338,48002,17613,10143,464,106.7909,1.0014,0
NA,Africa,NA,NA,NA,NA,NA,NA,NA,974052,957822,922495,890130,785424,658992,551674,473925,2511,387.914,1.0082,0.01
NA,North America,NA,NA,NA,NA,NA,NA,NA,10967,10681,9643,8988,7082,5168,2983,2417,21,522.2381,1.0098,0
NA,North America,NA,NA,NA,NA,NA,NA,NA,5862,5906,5978,6052,6274,6324,6106,5537,242,24.2231,0.9964,0
NA,Asia,NA,NA,NA,NA,NA,NA,NA,23893394,23821464,23512136,23083083,22194731,20586174,18100281,14957870,36193,660.1662,1.0014,0.3
NA,Oceania,NA,NA,NA,NA,NA,NA,NA,1871,1827,1454,1367,1666,1669,1647,1714,12,155.9167,1.0119,0
NA,Europe,NA,NA,NA,NA,NA,NA,NA,510,520,564,596,651,700,733,752,1,510,0.998,0
NA,Oceania,NA,NA,NA,NA,NA,NA,NA,11572,11655,12182,13142,14723,13454,11315,9377,142,81.493,0.9953,0
NA,Africa,NA,NA,NA,NA,NA,NA,NA,575986,556048,491824,413296,270375,178529,116775,76371,266000,2.1654,1.0184,0.01
